Trade Key,Position ID,Order Ticket,Symbol,Broker Symbol,Direction,Result,Entry Time UTC,Exit Or Archive End UTC,Timeframe,Bars CSV,Entry Bar Open UTC,Exit Bar Open UTC,Entry Bar Row Index,Exit Bar Row Index,Bars In Trade Window
2182526932,2182526932,2182526932,USDCAD,USDCADm,long,Loss,2026-08-18T22:00:23.219000+00:00,2026-08-19T02:16:04.671000+00:00,4h,bars/USDCAD/4h/USDCAD_4h.csv,2026-08-18T20:00:00+00:00,2026-08-19T00:00:00+00:00,0,1,2
2182526932,2182526932,2182526932,USDCAD,USDCADm,long,Loss,2026-08-18T22:00:23.219000+00:00,2026-08-19T02:16:04.671000+00:00,15m,bars/USDCAD/15m/USDCAD_15m.csv,2026-08-18T22:00:00+00:00,2026-08-19T02:15:00+00:00,14,31,18
2182526932,2182526932,2182526932,USDCAD,USDCADm,long,Loss,2026-08-18T22:00:23.219000+00:00,2026-08-19T02:16:04.671000+00:00,5m,bars/USDCAD/5m/USDCAD_5m.csv,2026-08-18T22:00:00+00:00,2026-08-19T02:15:00+00:00,42,93,52
2182576578,2182576578,2182576578,GBPUSD,GBPUSDm,short,Loss,2026-08-18T22:15:19.223000+00:00,2026-08-18T22:37:25.491000+00:00,4h,bars/GBPUSD/4h/GBPUSD_4h.csv,2026-08-18T20:00:00+00:00,2026-08-18T20:00:00+00:00,0,0,1
2182576578,2182576578,2182576578,GBPUSD,GBPUSDm,short,Loss,2026-08-18T22:15:19.223000+00:00,2026-08-18T22:37:25.491000+00:00,15m,bars/GBPUSD/15m/GBPUSD_15m.csv,2026-08-18T22:15:00+00:00,2026-08-18T22:30:00+00:00,15,16,2
2182576578,2182576578,2182576578,GBPUSD,GBPUSDm,short,Loss,2026-08-18T22:15:19.223000+00:00,2026-08-18T22:37:25.491000+00:00,5m,bars/GBPUSD/5m/GBPUSD_5m.csv,2026-08-18T22:15:00+00:00,2026-08-18T22:35:00+00:00,44,48,5
2182576747,2182576747,2182576747,AUDUSD,AUDUSDm,short,Profit,2026-08-18T22:15:24.395000+00:00,2026-08-19T00:00:01.539000+00:00,4h,bars/AUDUSD/4h/AUDUSD_4h.csv,2026-08-18T20:00:00+00:00,2026-08-19T00:00:00+00:00,0,1,2
2182576747,2182576747,2182576747,AUDUSD,AUDUSDm,short,Profit,2026-08-18T22:15:24.395000+00:00,2026-08-19T00:00:01.539000+00:00,15m,bars/AUDUSD/15m/AUDUSD_15m.csv,2026-08-18T22:15:00+00:00,2026-08-19T00:00:00+00:00,15,22,8
2182576747,2182576747,2182576747,AUDUSD,AUDUSDm,short,Profit,2026-08-18T22:15:24.395000+00:00,2026-08-19T00:00:01.539000+00:00,5m,bars/AUDUSD/5m/AUDUSD_5m.csv,2026-08-18T22:15:00+00:00,2026-08-19T00:00:00+00:00,45,66,22
2182685523,2182685523,2182685523,GBPNZD,GBPNZDm,short,Loss,2026-08-18T22:50:28.818000+00:00,2026-08-18T23:33:34.390000+00:00,4h,bars/GBPNZD/4h/GBPNZD_4h.csv,2026-08-18T20:00:00+00:00,2026-08-18T20:00:00+00:00,0,0,1
2182685523,2182685523,2182685523,GBPNZD,GBPNZDm,short,Loss,2026-08-18T22:50:28.818000+00:00,2026-08-18T23:33:34.390000+00:00,15m,bars/GBPNZD/15m/GBPNZD_15m.csv,2026-08-18T22:45:00+00:00,2026-08-18T23:30:00+00:00,17,20,4
2182685523,2182685523,2182685523,GBPNZD,GBPNZDm,short,Loss,2026-08-18T22:50:28.818000+00:00,2026-08-18T23:33:34.390000+00:00,5m,bars/GBPNZD/5m/GBPNZD_5m.csv,2026-08-18T22:50:00+00:00,2026-08-18T23:30:00+00:00,51,59,9
2182707037,2182707037,2182707037,EURUSD,EURUSDm,short,Loss,2026-08-18T23:00:22.837000+00:00,2026-08-19T00:07:12.082000+00:00,4h,bars/EURUSD/4h/EURUSD_4h.csv,2026-08-18T20:00:00+00:00,2026-08-19T00:00:00+00:00,0,1,2
2182707037,2182707037,2182707037,EURUSD,EURUSDm,short,Loss,2026-08-18T23:00:22.837000+00:00,2026-08-19T00:07:12.082000+00:00,15m,bars/EURUSD/15m/EURUSD_15m.csv,2026-08-18T23:00:00+00:00,2026-08-19T00:00:00+00:00,18,22,5
2182707037,2182707037,2182707037,EURUSD,EURUSDm,short,Loss,2026-08-18T23:00:22.837000+00:00,2026-08-19T00:07:12.082000+00:00,5m,bars/EURUSD/5m/EURUSD_5m.csv,2026-08-18T23:00:00+00:00,2026-08-19T00:05:00+00:00,54,67,14
2182892317,2182892317,2182892317,NZDCAD,NZDCADm,long,Loss,2026-08-19T00:00:24.204000+00:00,2026-08-19T00:26:10.147000+00:00,4h,bars/NZDCAD/4h/NZDCAD_4h.csv,2026-08-19T00:00:00+00:00,2026-08-19T00:00:00+00:00,1,1,1
2182892317,2182892317,2182892317,NZDCAD,NZDCADm,long,Loss,2026-08-19T00:00:24.204000+00:00,2026-08-19T00:26:10.147000+00:00,15m,bars/NZDCAD/15m/NZDCAD_15m.csv,2026-08-19T00:00:00+00:00,2026-08-19T00:15:00+00:00,22,23,2
2182892317,2182892317,2182892317,NZDCAD,NZDCADm,long,Loss,2026-08-19T00:00:24.204000+00:00,2026-08-19T00:26:10.147000+00:00,5m,bars/NZDCAD/5m/NZDCAD_5m.csv,2026-08-19T00:00:00+00:00,2026-08-19T00:25:00+00:00,65,70,6
2185775167,2185775167,2185775167,GBPJPY,GBPJPYm,long,Loss,2026-08-19T09:50:23.805000+00:00,2026-08-19T12:22:33.667000+00:00,4h,bars/GBPJPY/4h/GBPJPY_4h.csv,2026-08-19T08:00:00+00:00,2026-08-19T12:00:00+00:00,3,4,2
2185775167,2185775167,2185775167,GBPJPY,GBPJPYm,long,Loss,2026-08-19T09:50:23.805000+00:00,2026-08-19T12:22:33.667000+00:00,15m,bars/GBPJPY/15m/GBPJPY_15m.csv,2026-08-19T09:45:00+00:00,2026-08-19T12:15:00+00:00,61,71,11
2185775167,2185775167,2185775167,GBPJPY,GBPJPYm,long,Loss,2026-08-19T09:50:23.805000+00:00,2026-08-19T12:22:33.667000+00:00,5m,bars/GBPJPY/5m/GBPJPY_5m.csv,2026-08-19T09:50:00+00:00,2026-08-19T12:20:00+00:00,183,213,31
2185883123,2185883123,2185883123,AUDJPY,AUDJPYm,long,Loss,2026-08-19T10:10:22.561000+00:00,2026-08-19T10:23:19.365000+00:00,4h,bars/AUDJPY/4h/AUDJPY_4h.csv,2026-08-19T08:00:00+00:00,2026-08-19T08:00:00+00:00,3,3,1
2185883123,2185883123,2185883123,AUDJPY,AUDJPYm,long,Loss,2026-08-19T10:10:22.561000+00:00,2026-08-19T10:23:19.365000+00:00,15m,bars/AUDJPY/15m/AUDJPY_15m.csv,2026-08-19T10:00:00+00:00,2026-08-19T10:15:00+00:00,62,63,2
2185883123,2185883123,2185883123,AUDJPY,AUDJPYm,long,Loss,2026-08-19T10:10:22.561000+00:00,2026-08-19T10:23:19.365000+00:00,5m,bars/AUDJPY/5m/AUDJPY_5m.csv,2026-08-19T10:10:00+00:00,2026-08-19T10:20:00+00:00,188,190,3
2186230352,2186230352,2186230352,XAUUSD,XAUUSDm,long,Loss,2026-08-19T11:10:17.746000+00:00,2026-08-19T11:41:31.063000+00:00,4h,bars/XAUUSD/4h/XAUUSD_4h.csv,2026-08-19T08:00:00+00:00,2026-08-19T08:00:00+00:00,3,3,1
2186230352,2186230352,2186230352,XAUUSD,XAUUSDm,long,Loss,2026-08-19T11:10:17.746000+00:00,2026-08-19T11:41:31.063000+00:00,15m,bars/XAUUSD/15m/XAUUSD_15m.csv,2026-08-19T11:00:00+00:00,2026-08-19T11:30:00+00:00,62,64,3
2186230352,2186230352,2186230352,XAUUSD,XAUUSDm,long,Loss,2026-08-19T11:10:17.746000+00:00,2026-08-19T11:41:31.063000+00:00,5m,bars/XAUUSD/5m/XAUUSD_5m.csv,2026-08-19T11:10:00+00:00,2026-08-19T11:40:00+00:00,188,194,7
2186496691,2186496691,2186496691,AUDUSD,AUDUSDm,long,Profit,2026-08-19T11:50:18.275000+00:00,2026-08-19T12:41:49.305000+00:00,4h,bars/AUDUSD/4h/AUDUSD_4h.csv,2026-08-19T08:00:00+00:00,2026-08-19T12:00:00+00:00,3,4,2
2186496691,2186496691,2186496691,AUDUSD,AUDUSDm,long,Profit,2026-08-19T11:50:18.275000+00:00,2026-08-19T12:41:49.305000+00:00,15m,bars/AUDUSD/15m/AUDUSD_15m.csv,2026-08-19T11:45:00+00:00,2026-08-19T12:30:00+00:00,69,72,4
2186496691,2186496691,2186496691,AUDUSD,AUDUSDm,long,Profit,2026-08-19T11:50:18.275000+00:00,2026-08-19T12:41:49.305000+00:00,5m,bars/AUDUSD/5m/AUDUSD_5m.csv,2026-08-19T11:50:00+00:00,2026-08-19T12:40:00+00:00,208,218,11
2186497247,2186497247,2186497247,NZDUSD,NZDUSDm,long,Profit,2026-08-19T11:50:22.878000+00:00,2026-08-19T12:47:17.394000+00:00,4h,bars/NZDUSD/4h/NZDUSD_4h.csv,2026-08-19T08:00:00+00:00,2026-08-19T12:00:00+00:00,3,4,2
2186497247,2186497247,2186497247,NZDUSD,NZDUSDm,long,Profit,2026-08-19T11:50:22.878000+00:00,2026-08-19T12:47:17.394000+00:00,15m,bars/NZDUSD/15m/NZDUSD_15m.csv,2026-08-19T11:45:00+00:00,2026-08-19T12:45:00+00:00,69,73,5
2186497247,2186497247,2186497247,NZDUSD,NZDUSDm,long,Profit,2026-08-19T11:50:22.878000+00:00,2026-08-19T12:47:17.394000+00:00,5m,bars/NZDUSD/5m/NZDUSD_5m.csv,2026-08-19T11:50:00+00:00,2026-08-19T12:45:00+00:00,208,219,12
2186498159,2186498159,2186498159,AUDCAD,AUDCADm,long,Profit,2026-08-19T11:50:29.740000+00:00,2026-08-19T13:10:40.575000+00:00,4h,bars/AUDCAD/4h/AUDCAD_4h.csv,2026-08-19T08:00:00+00:00,2026-08-19T12:00:00+00:00,3,4,2
2186498159,2186498159,2186498159,AUDCAD,AUDCADm,long,Profit,2026-08-19T11:50:29.740000+00:00,2026-08-19T13:10:40.575000+00:00,15m,bars/AUDCAD/15m/AUDCAD_15m.csv,2026-08-19T11:45:00+00:00,2026-08-19T13:00:00+00:00,69,74,6
2186498159,2186498159,2186498159,AUDCAD,AUDCADm,long,Profit,2026-08-19T11:50:29.740000+00:00,2026-08-19T13:10:40.575000+00:00,5m,bars/AUDCAD/5m/AUDCAD_5m.csv,2026-08-19T11:50:00+00:00,2026-08-19T13:10:00+00:00,208,224,17
2186626231,2186626231,2186626231,XAUUSD,XAUUSDm,long,Profit,2026-08-19T12:10:26.920000+00:00,2026-08-19T12:36:41.989000+00:00,4h,bars/XAUUSD/4h/XAUUSD_4h.csv,2026-08-19T12:00:00+00:00,2026-08-19T12:00:00+00:00,4,4,1
2186626231,2186626231,2186626231,XAUUSD,XAUUSDm,long,Profit,2026-08-19T12:10:26.920000+00:00,2026-08-19T12:36:41.989000+00:00,15m,bars/XAUUSD/15m/XAUUSD_15m.csv,2026-08-19T12:00:00+00:00,2026-08-19T12:30:00+00:00,66,68,3
2186626231,2186626231,2186626231,XAUUSD,XAUUSDm,long,Profit,2026-08-19T12:10:26.920000+00:00,2026-08-19T12:36:41.989000+00:00,5m,bars/XAUUSD/5m/XAUUSD_5m.csv,2026-08-19T12:10:00+00:00,2026-08-19T12:35:00+00:00,200,205,6
2186868252,2186868252,2186868252,NZDJPY,NZDJPYm,short,Loss,2026-08-19T12:35:29.198000+00:00,2026-08-19T12:35:56.587000+00:00,4h,bars/NZDJPY/4h/NZDJPY_4h.csv,2026-08-19T12:00:00+00:00,2026-08-19T12:00:00+00:00,4,4,1
2186868252,2186868252,2186868252,NZDJPY,NZDJPYm,short,Loss,2026-08-19T12:35:29.198000+00:00,2026-08-19T12:35:56.587000+00:00,15m,bars/NZDJPY/15m/NZDJPY_15m.csv,2026-08-19T12:30:00+00:00,2026-08-19T12:30:00+00:00,72,72,1
2186868252,2186868252,2186868252,NZDJPY,NZDJPYm,short,Loss,2026-08-19T12:35:29.198000+00:00,2026-08-19T12:35:56.587000+00:00,5m,bars/NZDJPY/5m/NZDJPY_5m.csv,2026-08-19T12:35:00+00:00,2026-08-19T12:35:00+00:00,217,217,1
2187624002,2187624002,2187624002,NZDCHF,NZDCHFm,long,Loss,2026-08-19T13:05:26.311000+00:00,2026-08-19T13:50:01.283000+00:00,4h,bars/NZDCHF/4h/NZDCHF_4h.csv,2026-08-19T12:00:00+00:00,2026-08-19T12:00:00+00:00,4,4,1
2187624002,2187624002,2187624002,NZDCHF,NZDCHFm,long,Loss,2026-08-19T13:05:26.311000+00:00,2026-08-19T13:50:01.283000+00:00,15m,bars/NZDCHF/15m/NZDCHF_15m.csv,2026-08-19T13:00:00+00:00,2026-08-19T13:45:00+00:00,74,77,4
2187624002,2187624002,2187624002,NZDCHF,NZDCHFm,long,Loss,2026-08-19T13:05:26.311000+00:00,2026-08-19T13:50:01.283000+00:00,5m,bars/NZDCHF/5m/NZDCHF_5m.csv,2026-08-19T13:05:00+00:00,2026-08-19T13:50:00+00:00,223,232,10
2190881806,2190881806,2190881806,NZDUSD,NZDUSDm,short,Loss,2026-08-19T18:10:29.638000+00:00,2026-08-19T18:41:14.279000+00:00,4h,bars/NZDUSD/4h/NZDUSD_4h.csv,2026-08-19T16:00:00+00:00,2026-08-19T16:00:00+00:00,5,5,1
2190881806,2190881806,2190881806,NZDUSD,NZDUSDm,short,Loss,2026-08-19T18:10:29.638000+00:00,2026-08-19T18:41:14.279000+00:00,15m,bars/NZDUSD/15m/NZDUSD_15m.csv,2026-08-19T18:00:00+00:00,2026-08-19T18:30:00+00:00,94,96,3
2190881806,2190881806,2190881806,NZDUSD,NZDUSDm,short,Loss,2026-08-19T18:10:29.638000+00:00,2026-08-19T18:41:14.279000+00:00,5m,bars/NZDUSD/5m/NZDUSD_5m.csv,2026-08-19T18:10:00+00:00,2026-08-19T18:40:00+00:00,284,290,7
2191535017,2191535017,2191535017,AUDUSD,AUDUSDm,short,Loss,2026-08-19T19:15:28.107000+00:00,2026-08-19T19:26:05.217000+00:00,4h,bars/AUDUSD/4h/AUDUSD_4h.csv,2026-08-19T16:00:00+00:00,2026-08-19T16:00:00+00:00,5,5,1
2191535017,2191535017,2191535017,AUDUSD,AUDUSDm,short,Loss,2026-08-19T19:15:28.107000+00:00,2026-08-19T19:26:05.217000+00:00,15m,bars/AUDUSD/15m/AUDUSD_15m.csv,2026-08-19T19:15:00+00:00,2026-08-19T19:15:00+00:00,99,99,1
2191535017,2191535017,2191535017,AUDUSD,AUDUSDm,short,Loss,2026-08-19T19:15:28.107000+00:00,2026-08-19T19:26:05.217000+00:00,5m,bars/AUDUSD/5m/AUDUSD_5m.csv,2026-08-19T19:15:00+00:00,2026-08-19T19:25:00+00:00,297,299,3
2191680635,2191680635,2191680635,GBPUSD,GBPUSDm,short,Loss,2026-08-19T19:35:29.533000+00:00,2026-08-20T04:08:58.059000+00:00,4h,bars/GBPUSD/4h/GBPUSD_4h.csv,2026-08-19T16:00:00+00:00,2026-08-20T04:00:00+00:00,5,8,4
2191680635,2191680635,2191680635,GBPUSD,GBPUSDm,short,Loss,2026-08-19T19:35:29.533000+00:00,2026-08-20T04:08:58.059000+00:00,15m,bars/GBPUSD/15m/GBPUSD_15m.csv,2026-08-19T19:30:00+00:00,2026-08-20T04:00:00+00:00,100,134,35
2191680635,2191680635,2191680635,GBPUSD,GBPUSDm,short,Loss,2026-08-19T19:35:29.533000+00:00,2026-08-20T04:08:58.059000+00:00,5m,bars/GBPUSD/5m/GBPUSD_5m.csv,2026-08-19T19:35:00+00:00,2026-08-20T04:05:00+00:00,300,401,102
2192174615,2192174615,2192174615,NZDCAD,NZDCADm,short,Loss,2026-08-19T22:00:16.913000+00:00,2026-08-19T22:00:37.364000+00:00,4h,bars/NZDCAD/4h/NZDCAD_4h.csv,2026-08-19T20:00:00+00:00,2026-08-19T20:00:00+00:00,6,6,1
2192174615,2192174615,2192174615,NZDCAD,NZDCADm,short,Loss,2026-08-19T22:00:16.913000+00:00,2026-08-19T22:00:37.364000+00:00,15m,bars/NZDCAD/15m/NZDCAD_15m.csv,2026-08-19T22:00:00+00:00,2026-08-19T22:00:00+00:00,110,110,1
2192174615,2192174615,2192174615,NZDCAD,NZDCADm,short,Loss,2026-08-19T22:00:16.913000+00:00,2026-08-19T22:00:37.364000+00:00,5m,bars/NZDCAD/5m/NZDCAD_5m.csv,2026-08-19T22:00:00+00:00,2026-08-19T22:00:00+00:00,328,328,1
2192275158,2192275158,2192275158,AUDJPY,AUDJPYm,long,Profit,2026-08-19T22:10:26.922000+00:00,2026-08-20T09:19:11.942000+00:00,4h,bars/AUDJPY/4h/AUDJPY_4h.csv,2026-08-19T20:00:00+00:00,2026-08-20T08:00:00+00:00,6,9,4
2192275158,2192275158,2192275158,AUDJPY,AUDJPYm,long,Profit,2026-08-19T22:10:26.922000+00:00,2026-08-20T09:19:11.942000+00:00,15m,bars/AUDJPY/15m/AUDJPY_15m.csv,2026-08-19T22:00:00+00:00,2026-08-20T09:15:00+00:00,110,155,46
2192275158,2192275158,2192275158,AUDJPY,AUDJPYm,long,Profit,2026-08-19T22:10:26.922000+00:00,2026-08-20T09:19:11.942000+00:00,5m,bars/AUDJPY/5m/AUDJPY_5m.csv,2026-08-19T22:10:00+00:00,2026-08-20T09:15:00+00:00,332,465,134
2192325997,2192325997,2192325997,EURCAD,EURCADm,short,Profit,2026-08-19T22:30:30.176000+00:00,2026-08-20T09:03:15.417000+00:00,4h,bars/EURCAD/4h/EURCAD_4h.csv,2026-08-19T20:00:00+00:00,2026-08-20T08:00:00+00:00,6,9,4
2192325997,2192325997,2192325997,EURCAD,EURCADm,short,Profit,2026-08-19T22:30:30.176000+00:00,2026-08-20T09:03:15.417000+00:00,15m,bars/EURCAD/15m/EURCAD_15m.csv,2026-08-19T22:30:00+00:00,2026-08-20T09:00:00+00:00,112,154,43
2192325997,2192325997,2192325997,EURCAD,EURCADm,short,Profit,2026-08-19T22:30:30.176000+00:00,2026-08-20T09:03:15.417000+00:00,5m,bars/EURCAD/5m/EURCAD_5m.csv,2026-08-19T22:30:00+00:00,2026-08-20T09:00:00+00:00,335,461,127
2195235020,2195235020,2195235020,USDCHF,USDCHFm,long,Loss,2026-08-20T09:05:21.578000+00:00,2026-08-20T09:10:17.184000+00:00,4h,bars/USDCHF/4h/USDCHF_4h.csv,2026-08-20T08:00:00+00:00,2026-08-20T08:00:00+00:00,9,9,1
2195235020,2195235020,2195235020,USDCHF,USDCHFm,long,Loss,2026-08-20T09:05:21.578000+00:00,2026-08-20T09:10:17.184000+00:00,15m,bars/USDCHF/15m/USDCHF_15m.csv,2026-08-20T09:00:00+00:00,2026-08-20T09:00:00+00:00,154,154,1
2195235020,2195235020,2195235020,USDCHF,USDCHFm,long,Loss,2026-08-20T09:05:21.578000+00:00,2026-08-20T09:10:17.184000+00:00,5m,bars/USDCHF/5m/USDCHF_5m.csv,2026-08-20T09:05:00+00:00,2026-08-20T09:10:00+00:00,463,464,2
2195369450,2195369450,2195369450,AUDJPY,AUDJPYm,long,Loss,2026-08-20T09:30:25.271000+00:00,2026-08-20T11:57:05.760000+00:00,4h,bars/AUDJPY/4h/AUDJPY_4h.csv,2026-08-20T08:00:00+00:00,2026-08-20T08:00:00+00:00,9,9,1
2195369450,2195369450,2195369450,AUDJPY,AUDJPYm,long,Loss,2026-08-20T09:30:25.271000+00:00,2026-08-20T11:57:05.760000+00:00,15m,bars/AUDJPY/15m/AUDJPY_15m.csv,2026-08-20T09:30:00+00:00,2026-08-20T11:45:00+00:00,156,165,10
2195369450,2195369450,2195369450,AUDJPY,AUDJPYm,long,Loss,2026-08-20T09:30:25.271000+00:00,2026-08-20T11:57:05.760000+00:00,5m,bars/AUDJPY/5m/AUDJPY_5m.csv,2026-08-20T09:30:00+00:00,2026-08-20T11:55:00+00:00,468,497,30
2195935435,2195935435,2195935435,GBPAUD,GBPAUDm,short,Loss,2026-08-20T11:05:27.117000+00:00,2026-08-20T11:09:15.645000+00:00,4h,bars/GBPAUD/4h/GBPAUD_4h.csv,2026-08-20T08:00:00+00:00,2026-08-20T08:00:00+00:00,9,9,1
2195935435,2195935435,2195935435,GBPAUD,GBPAUDm,short,Loss,2026-08-20T11:05:27.117000+00:00,2026-08-20T11:09:15.645000+00:00,15m,bars/GBPAUD/15m/GBPAUD_15m.csv,2026-08-20T11:00:00+00:00,2026-08-20T11:00:00+00:00,162,162,1
2195935435,2195935435,2195935435,GBPAUD,GBPAUDm,short,Loss,2026-08-20T11:05:27.117000+00:00,2026-08-20T11:09:15.645000+00:00,5m,bars/GBPAUD/5m/GBPAUD_5m.csv,2026-08-20T11:05:00+00:00,2026-08-20T11:05:00+00:00,485,485,1
2195964203,2195964203,2195964203,NZDJPY,NZDJPYm,short,Loss,2026-08-20T11:10:20.986000+00:00,2026-08-20T12:58:55.629000+00:00,4h,bars/NZDJPY/4h/NZDJPY_4h.csv,2026-08-20T08:00:00+00:00,2026-08-20T12:00:00+00:00,9,10,2
2195964203,2195964203,2195964203,NZDJPY,NZDJPYm,short,Loss,2026-08-20T11:10:20.986000+00:00,2026-08-20T12:58:55.629000+00:00,15m,bars/NZDJPY/15m/NZDJPY_15m.csv,2026-08-20T11:00:00+00:00,2026-08-20T12:45:00+00:00,162,169,8
2195964203,2195964203,2195964203,NZDJPY,NZDJPYm,short,Loss,2026-08-20T11:10:20.986000+00:00,2026-08-20T12:58:55.629000+00:00,5m,bars/NZDJPY/5m/NZDJPY_5m.csv,2026-08-20T11:10:00+00:00,2026-08-20T12:55:00+00:00,487,508,22
2196157693,2196157693,2196157693,GBPCHF,GBPCHFm,long,Profit,2026-08-20T11:35:25.223000+00:00,2026-08-23T21:16:39.416000+00:00,4h,bars/GBPCHF/4h/GBPCHF_4h.csv,2026-08-20T08:00:00+00:00,2026-08-23T20:00:00+00:00,9,19,11
2196157693,2196157693,2196157693,GBPCHF,GBPCHFm,long,Profit,2026-08-20T11:35:25.223000+00:00,2026-08-23T21:16:39.416000+00:00,15m,bars/GBPCHF/15m/GBPCHF_15m.csv,2026-08-20T11:30:00+00:00,2026-08-23T21:15:00+00:00,164,299,136
2196157693,2196157693,2196157693,GBPCHF,GBPCHFm,long,Profit,2026-08-20T11:35:25.223000+00:00,2026-08-23T21:16:39.416000+00:00,5m,bars/GBPCHF/5m/GBPCHF_5m.csv,2026-08-20T11:35:00+00:00,2026-08-23T21:15:00+00:00,493,896,404
2197053969,2197053969,2197053969,CHFJPY,CHFJPYm,short,Profit,2026-08-20T12:45:21.289000+00:00,2026-08-21T09:21:05.364000+00:00,4h,bars/CHFJPY/4h/CHFJPY_4h.csv,2026-08-20T12:00:00+00:00,2026-08-21T08:00:00+00:00,10,15,6
2197053969,2197053969,2197053969,CHFJPY,CHFJPYm,short,Profit,2026-08-20T12:45:21.289000+00:00,2026-08-21T09:21:05.364000+00:00,15m,bars/CHFJPY/15m/CHFJPY_15m.csv,2026-08-20T12:45:00+00:00,2026-08-21T09:15:00+00:00,169,251,83
2197053969,2197053969,2197053969,CHFJPY,CHFJPYm,short,Profit,2026-08-20T12:45:21.289000+00:00,2026-08-21T09:21:05.364000+00:00,5m,bars/CHFJPY/5m/CHFJPY_5m.csv,2026-08-20T12:45:00+00:00,2026-08-21T09:20:00+00:00,507,754,248
2197264325,2197264325,2197264325,EURCAD,EURCADm,short,Profit,2026-08-20T13:05:20.213000+00:00,2026-08-21T14:08:51.713000+00:00,4h,bars/EURCAD/4h/EURCAD_4h.csv,2026-08-20T12:00:00+00:00,2026-08-21T12:00:00+00:00,10,16,7
2197264325,2197264325,2197264325,EURCAD,EURCADm,short,Profit,2026-08-20T13:05:20.213000+00:00,2026-08-21T14:08:51.713000+00:00,15m,bars/EURCAD/15m/EURCAD_15m.csv,2026-08-20T13:00:00+00:00,2026-08-21T14:00:00+00:00,170,270,101
2197264325,2197264325,2197264325,EURCAD,EURCADm,short,Profit,2026-08-20T13:05:20.213000+00:00,2026-08-21T14:08:51.713000+00:00,5m,bars/EURCAD/5m/EURCAD_5m.csv,2026-08-20T13:05:00+00:00,2026-08-21T14:05:00+00:00,510,810,301
2201442741,2201442741,2201442741,EURNZD,EURNZDm,long,Loss,2026-08-21T00:05:21.225000+00:00,2026-08-21T00:10:38.784000+00:00,4h,bars/EURNZD/4h/EURNZD_4h.csv,2026-08-21T00:00:00+00:00,2026-08-21T00:00:00+00:00,13,13,1
2201442741,2201442741,2201442741,EURNZD,EURNZDm,long,Loss,2026-08-21T00:05:21.225000+00:00,2026-08-21T00:10:38.784000+00:00,15m,bars/EURNZD/15m/EURNZD_15m.csv,2026-08-21T00:00:00+00:00,2026-08-21T00:00:00+00:00,214,214,1
2201442741,2201442741,2201442741,EURNZD,EURNZDm,long,Loss,2026-08-21T00:05:21.225000+00:00,2026-08-21T00:10:38.784000+00:00,5m,bars/EURNZD/5m/EURNZD_5m.csv,2026-08-21T00:05:00+00:00,2026-08-21T00:10:00+00:00,643,644,2
2201517364,2201517364,2201517364,CADJPY,CADJPYm,short,Loss,2026-08-21T00:20:14.215000+00:00,2026-08-21T00:27:25.825000+00:00,4h,bars/CADJPY/4h/CADJPY_4h.csv,2026-08-21T00:00:00+00:00,2026-08-21T00:00:00+00:00,13,13,1
2201517364,2201517364,2201517364,CADJPY,CADJPYm,short,Loss,2026-08-21T00:20:14.215000+00:00,2026-08-21T00:27:25.825000+00:00,15m,bars/CADJPY/15m/CADJPY_15m.csv,2026-08-21T00:15:00+00:00,2026-08-21T00:15:00+00:00,215,215,1
2201517364,2201517364,2201517364,CADJPY,CADJPYm,short,Loss,2026-08-21T00:20:14.215000+00:00,2026-08-21T00:27:25.825000+00:00,5m,bars/CADJPY/5m/CADJPY_5m.csv,2026-08-21T00:20:00+00:00,2026-08-21T00:25:00+00:00,645,646,2
2205433470,2205433470,2205433470,CADJPY,CADJPYm,short,Loss,2026-08-21T11:00:19.730000+00:00,2026-08-21T11:08:03.700000+00:00,4h,bars/CADJPY/4h/CADJPY_4h.csv,2026-08-21T08:00:00+00:00,2026-08-21T08:00:00+00:00,15,15,1
2205433470,2205433470,2205433470,CADJPY,CADJPYm,short,Loss,2026-08-21T11:00:19.730000+00:00,2026-08-21T11:08:03.700000+00:00,15m,bars/CADJPY/15m/CADJPY_15m.csv,2026-08-21T11:00:00+00:00,2026-08-21T11:00:00+00:00,258,258,1
2205433470,2205433470,2205433470,CADJPY,CADJPYm,short,Loss,2026-08-21T11:00:19.730000+00:00,2026-08-21T11:08:03.700000+00:00,5m,bars/CADJPY/5m/CADJPY_5m.csv,2026-08-21T11:00:00+00:00,2026-08-21T11:05:00+00:00,773,774,2
2205919044,2205919044,2205919044,GBPUSD,GBPUSDm,short,Profit,2026-08-21T11:55:14.160000+00:00,2026-08-21T14:50:18.169000+00:00,4h,bars/GBPUSD/4h/GBPUSD_4h.csv,2026-08-21T08:00:00+00:00,2026-08-21T12:00:00+00:00,15,16,2
2205919044,2205919044,2205919044,GBPUSD,GBPUSDm,short,Profit,2026-08-21T11:55:14.160000+00:00,2026-08-21T14:50:18.169000+00:00,15m,bars/GBPUSD/15m/GBPUSD_15m.csv,2026-08-21T11:45:00+00:00,2026-08-21T14:45:00+00:00,261,273,13
2205919044,2205919044,2205919044,GBPUSD,GBPUSDm,short,Profit,2026-08-21T11:55:14.160000+00:00,2026-08-21T14:50:18.169000+00:00,5m,bars/GBPUSD/5m/GBPUSD_5m.csv,2026-08-21T11:55:00+00:00,2026-08-21T14:50:00+00:00,783,818,36
2206001107,2206001107,2206001107,USDCHF,USDCHFm,long,Profit,2026-08-21T12:05:21.349000+00:00,2026-08-21T15:32:41.113000+00:00,4h,bars/USDCHF/4h/USDCHF_4h.csv,2026-08-21T12:00:00+00:00,2026-08-21T12:00:00+00:00,16,16,1
2206001107,2206001107,2206001107,USDCHF,USDCHFm,long,Profit,2026-08-21T12:05:21.349000+00:00,2026-08-21T15:32:41.113000+00:00,15m,bars/USDCHF/15m/USDCHF_15m.csv,2026-08-21T12:00:00+00:00,2026-08-21T15:30:00+00:00,262,276,15
2206001107,2206001107,2206001107,USDCHF,USDCHFm,long,Profit,2026-08-21T12:05:21.349000+00:00,2026-08-21T15:32:41.113000+00:00,5m,bars/USDCHF/5m/USDCHF_5m.csv,2026-08-21T12:05:00+00:00,2026-08-21T15:30:00+00:00,786,827,42
2206208086,2206208086,2206208086,EURUSD,EURUSDm,short,Profit,2026-08-21T12:30:23.782000+00:00,2026-08-21T14:50:13.109000+00:00,4h,bars/EURUSD/4h/EURUSD_4h.csv,2026-08-21T12:00:00+00:00,2026-08-21T12:00:00+00:00,16,16,1
2206208086,2206208086,2206208086,EURUSD,EURUSDm,short,Profit,2026-08-21T12:30:23.782000+00:00,2026-08-21T14:50:13.109000+00:00,15m,bars/EURUSD/15m/EURUSD_15m.csv,2026-08-21T12:30:00+00:00,2026-08-21T14:45:00+00:00,264,273,10
2206208086,2206208086,2206208086,EURUSD,EURUSDm,short,Profit,2026-08-21T12:30:23.782000+00:00,2026-08-21T14:50:13.109000+00:00,5m,bars/EURUSD/5m/EURUSD_5m.csv,2026-08-21T12:30:00+00:00,2026-08-21T14:50:00+00:00,792,820,29
2207381938,2207381938,2207381938,CADJPY,CADJPYm,short,Loss,2026-08-21T14:25:28.110000+00:00,2026-08-21T17:37:00.967000+00:00,4h,bars/CADJPY/4h/CADJPY_4h.csv,2026-08-21T12:00:00+00:00,2026-08-21T16:00:00+00:00,16,17,2
2207381938,2207381938,2207381938,CADJPY,CADJPYm,short,Loss,2026-08-21T14:25:28.110000+00:00,2026-08-21T17:37:00.967000+00:00,15m,bars/CADJPY/15m/CADJPY_15m.csv,2026-08-21T14:15:00+00:00,2026-08-21T17:30:00+00:00,271,284,14
2207381938,2207381938,2207381938,CADJPY,CADJPYm,short,Loss,2026-08-21T14:25:28.110000+00:00,2026-08-21T17:37:00.967000+00:00,5m,bars/CADJPY/5m/CADJPY_5m.csv,2026-08-21T14:25:00+00:00,2026-08-21T17:35:00+00:00,814,852,39
2207912222,2207912222,2207912222,GBPNZD,GBPNZDm,long,Loss,2026-08-21T15:10:19.428000+00:00,2026-08-21T15:39:50.700000+00:00,4h,bars/GBPNZD/4h/GBPNZD_4h.csv,2026-08-21T12:00:00+00:00,2026-08-21T12:00:00+00:00,16,16,1
2207912222,2207912222,2207912222,GBPNZD,GBPNZDm,long,Loss,2026-08-21T15:10:19.428000+00:00,2026-08-21T15:39:50.700000+00:00,15m,bars/GBPNZD/15m/GBPNZD_15m.csv,2026-08-21T15:00:00+00:00,2026-08-21T15:30:00+00:00,274,276,3
2207912222,2207912222,2207912222,GBPNZD,GBPNZDm,long,Loss,2026-08-21T15:10:19.428000+00:00,2026-08-21T15:39:50.700000+00:00,5m,bars/GBPNZD/5m/GBPNZD_5m.csv,2026-08-21T15:10:00+00:00,2026-08-21T15:35:00+00:00,821,826,6
2207985789,2207985789,2207985789,NZDJPY,NZDJPYm,short,Loss,2026-08-21T15:20:32.353000+00:00,2026-08-21T15:28:32.121000+00:00,4h,bars/NZDJPY/4h/NZDJPY_4h.csv,2026-08-21T12:00:00+00:00,2026-08-21T12:00:00+00:00,16,16,1
2207985789,2207985789,2207985789,NZDJPY,NZDJPYm,short,Loss,2026-08-21T15:20:32.353000+00:00,2026-08-21T15:28:32.121000+00:00,15m,bars/NZDJPY/15m/NZDJPY_15m.csv,2026-08-21T15:15:00+00:00,2026-08-21T15:15:00+00:00,275,275,1
2207985789,2207985789,2207985789,NZDJPY,NZDJPYm,short,Loss,2026-08-21T15:20:32.353000+00:00,2026-08-21T15:28:32.121000+00:00,5m,bars/NZDJPY/5m/NZDJPY_5m.csv,2026-08-21T15:20:00+00:00,2026-08-21T15:25:00+00:00,825,826,2
2208285496,2208285496,2208285496,NZDUSD,NZDUSDm,short,Loss,2026-08-21T15:50:15.676000+00:00,2026-08-21T18:02:24.038000+00:00,4h,bars/NZDUSD/4h/NZDUSD_4h.csv,2026-08-21T12:00:00+00:00,2026-08-21T16:00:00+00:00,16,17,2
2208285496,2208285496,2208285496,NZDUSD,NZDUSDm,short,Loss,2026-08-21T15:50:15.676000+00:00,2026-08-21T18:02:24.038000+00:00,15m,bars/NZDUSD/15m/NZDUSD_15m.csv,2026-08-21T15:45:00+00:00,2026-08-21T18:00:00+00:00,277,286,10
2208285496,2208285496,2208285496,NZDUSD,NZDUSDm,short,Loss,2026-08-21T15:50:15.676000+00:00,2026-08-21T18:02:24.038000+00:00,5m,bars/NZDUSD/5m/NZDUSD_5m.csv,2026-08-21T15:50:00+00:00,2026-08-21T18:00:00+00:00,831,857,27
2209525712,2209525712,2209525712,GBPUSD,GBPUSDm,short,Profit,2026-08-21T19:05:21.040000+00:00,2026-08-23T21:41:46.524000+00:00,4h,bars/GBPUSD/4h/GBPUSD_4h.csv,2026-08-21T16:00:00+00:00,2026-08-23T20:00:00+00:00,17,19,3
2209525712,2209525712,2209525712,GBPUSD,GBPUSDm,short,Profit,2026-08-21T19:05:21.040000+00:00,2026-08-23T21:41:46.524000+00:00,15m,bars/GBPUSD/15m/GBPUSD_15m.csv,2026-08-21T19:00:00+00:00,2026-08-23T21:30:00+00:00,290,300,11
2209525712,2209525712,2209525712,GBPUSD,GBPUSDm,short,Profit,2026-08-21T19:05:21.040000+00:00,2026-08-23T21:41:46.524000+00:00,5m,bars/GBPUSD/5m/GBPUSD_5m.csv,2026-08-21T19:05:00+00:00,2026-08-23T21:40:00+00:00,869,899,31
2218215189,2218215189,2218215189,GBPCAD,GBPCADm,short,Loss,2026-08-24T09:10:25.848000+00:00,2026-08-24T11:32:22.989000+00:00,4h,bars/GBPCAD/4h/GBPCAD_4h.csv,2026-08-24T08:00:00+00:00,2026-08-24T08:00:00+00:00,22,22,1
2218215189,2218215189,2218215189,GBPCAD,GBPCADm,short,Loss,2026-08-24T09:10:25.848000+00:00,2026-08-24T11:32:22.989000+00:00,15m,bars/GBPCAD/15m/GBPCAD_15m.csv,2026-08-24T09:00:00+00:00,2026-08-24T11:30:00+00:00,345,355,11
2218215189,2218215189,2218215189,GBPCAD,GBPCADm,short,Loss,2026-08-24T09:10:25.848000+00:00,2026-08-24T11:32:22.989000+00:00,5m,bars/GBPCAD/5m/GBPCAD_5m.csv,2026-08-24T09:10:00+00:00,2026-08-24T11:30:00+00:00,1036,1064,29
2218242617,2218242617,2218242617,GBPNZD,GBPNZDm,long,Profit,2026-08-24T09:15:17.508000+00:00,2026-08-24T11:17:42.951000+00:00,4h,bars/GBPNZD/4h/GBPNZD_4h.csv,2026-08-24T08:00:00+00:00,2026-08-24T08:00:00+00:00,22,22,1
2218242617,2218242617,2218242617,GBPNZD,GBPNZDm,long,Profit,2026-08-24T09:15:17.508000+00:00,2026-08-24T11:17:42.951000+00:00,15m,bars/GBPNZD/15m/GBPNZD_15m.csv,2026-08-24T09:15:00+00:00,2026-08-24T11:15:00+00:00,346,354,9
2218242617,2218242617,2218242617,GBPNZD,GBPNZDm,long,Profit,2026-08-24T09:15:17.508000+00:00,2026-08-24T11:17:42.951000+00:00,5m,bars/GBPNZD/5m/GBPNZD_5m.csv,2026-08-24T09:15:00+00:00,2026-08-24T11:15:00+00:00,1034,1058,25
2218684770,2218684770,2218684770,GBPJPY,GBPJPYm,short,Profit,2026-08-24T10:20:15.197000+00:00,2026-08-24T12:55:00.408000+00:00,4h,bars/GBPJPY/4h/GBPJPY_4h.csv,2026-08-24T08:00:00+00:00,2026-08-24T12:00:00+00:00,22,23,2
2218684770,2218684770,2218684770,GBPJPY,GBPJPYm,short,Profit,2026-08-24T10:20:15.197000+00:00,2026-08-24T12:55:00.408000+00:00,15m,bars/GBPJPY/15m/GBPJPY_15m.csv,2026-08-24T10:15:00+00:00,2026-08-24T12:45:00+00:00,351,361,11
2218684770,2218684770,2218684770,GBPJPY,GBPJPYm,short,Profit,2026-08-24T10:20:15.197000+00:00,2026-08-24T12:55:00.408000+00:00,5m,bars/GBPJPY/5m/GBPJPY_5m.csv,2026-08-24T10:20:00+00:00,2026-08-24T12:55:00+00:00,1050,1081,32
2219420071,2219420071,2219420071,AUDUSD,AUDUSDm,short,Profit,2026-08-24T11:45:18.542000+00:00,2026-08-25T00:00:21.311000+00:00,4h,bars/AUDUSD/4h/AUDUSD_4h.csv,2026-08-24T08:00:00+00:00,2026-08-25T00:00:00+00:00,22,26,5
2219420071,2219420071,2219420071,AUDUSD,AUDUSDm,short,Profit,2026-08-24T11:45:18.542000+00:00,2026-08-25T00:00:21.311000+00:00,15m,bars/AUDUSD/15m/AUDUSD_15m.csv,2026-08-24T11:45:00+00:00,2026-08-25T00:00:00+00:00,357,406,50
2219420071,2219420071,2219420071,AUDUSD,AUDUSDm,short,Profit,2026-08-24T11:45:18.542000+00:00,2026-08-25T00:00:21.311000+00:00,5m,bars/AUDUSD/5m/AUDUSD_5m.csv,2026-08-24T11:45:00+00:00,2026-08-25T00:00:00+00:00,1070,1217,148
2219420672,2219420672,2219420672,EURAUD,EURAUDm,long,Profit,2026-08-24T11:45:22.313000+00:00,2026-08-24T15:26:00.585000+00:00,4h,bars/EURAUD/4h/EURAUD_4h.csv,2026-08-24T08:00:00+00:00,2026-08-24T12:00:00+00:00,22,23,2
2219420672,2219420672,2219420672,EURAUD,EURAUDm,long,Profit,2026-08-24T11:45:22.313000+00:00,2026-08-24T15:26:00.585000+00:00,15m,bars/EURAUD/15m/EURAUD_15m.csv,2026-08-24T11:45:00+00:00,2026-08-24T15:15:00+00:00,357,371,15
2219420672,2219420672,2219420672,EURAUD,EURAUDm,long,Profit,2026-08-24T11:45:22.313000+00:00,2026-08-24T15:26:00.585000+00:00,5m,bars/EURAUD/5m/EURAUD_5m.csv,2026-08-24T11:45:00+00:00,2026-08-24T15:25:00+00:00,1069,1113,45
2219421833,2219421833,2219421833,GBPAUD,GBPAUDm,long,Profit,2026-08-24T11:45:26.272000+00:00,2026-08-24T14:57:30.327000+00:00,4h,bars/GBPAUD/4h/GBPAUD_4h.csv,2026-08-24T08:00:00+00:00,2026-08-24T12:00:00+00:00,22,23,2
2219421833,2219421833,2219421833,GBPAUD,GBPAUDm,long,Profit,2026-08-24T11:45:26.272000+00:00,2026-08-24T14:57:30.327000+00:00,15m,bars/GBPAUD/15m/GBPAUD_15m.csv,2026-08-24T11:45:00+00:00,2026-08-24T14:45:00+00:00,357,369,13
2219421833,2219421833,2219421833,GBPAUD,GBPAUDm,long,Profit,2026-08-24T11:45:26.272000+00:00,2026-08-24T14:57:30.327000+00:00,5m,bars/GBPAUD/5m/GBPAUD_5m.csv,2026-08-24T11:45:00+00:00,2026-08-24T14:55:00+00:00,1067,1105,39
2219976618,2219976618,2219976618,GBPUSD,GBPUSDm,short,Loss,2026-08-24T12:35:19.790000+00:00,2026-08-24T13:19:18.607000+00:00,4h,bars/GBPUSD/4h/GBPUSD_4h.csv,2026-08-24T12:00:00+00:00,2026-08-24T12:00:00+00:00,23,23,1
2219976618,2219976618,2219976618,GBPUSD,GBPUSDm,short,Loss,2026-08-24T12:35:19.790000+00:00,2026-08-24T13:19:18.607000+00:00,15m,bars/GBPUSD/15m/GBPUSD_15m.csv,2026-08-24T12:30:00+00:00,2026-08-24T13:15:00+00:00,360,363,4
2219976618,2219976618,2219976618,GBPUSD,GBPUSDm,short,Loss,2026-08-24T12:35:19.790000+00:00,2026-08-24T13:19:18.607000+00:00,5m,bars/GBPUSD/5m/GBPUSD_5m.csv,2026-08-24T12:35:00+00:00,2026-08-24T13:15:00+00:00,1078,1086,9
2221465265,2221465265,2221465265,EURCAD,EURCADm,short,Loss,2026-08-24T14:25:17.124000+00:00,2026-08-24T14:46:41.923000+00:00,4h,bars/EURCAD/4h/EURCAD_4h.csv,2026-08-24T12:00:00+00:00,2026-08-24T12:00:00+00:00,23,23,1
2221465265,2221465265,2221465265,EURCAD,EURCADm,short,Loss,2026-08-24T14:25:17.124000+00:00,2026-08-24T14:46:41.923000+00:00,15m,bars/EURCAD/15m/EURCAD_15m.csv,2026-08-24T14:15:00+00:00,2026-08-24T14:45:00+00:00,367,369,3
2221465265,2221465265,2221465265,EURCAD,EURCADm,short,Loss,2026-08-24T14:25:17.124000+00:00,2026-08-24T14:46:41.923000+00:00,5m,bars/EURCAD/5m/EURCAD_5m.csv,2026-08-24T14:25:00+00:00,2026-08-24T14:45:00+00:00,1101,1105,5
2229054847,2229054847,2229054847,AUDNZD,AUDNZDm,short,Profit,2026-08-25T09:50:26.405000+00:00,2026-08-25T12:00:41.493000+00:00,4h,bars/AUDNZD/4h/AUDNZD_4h.csv,2026-08-25T08:00:00+00:00,2026-08-25T12:00:00+00:00,28,29,2
2229054847,2229054847,2229054847,AUDNZD,AUDNZDm,short,Profit,2026-08-25T09:50:26.405000+00:00,2026-08-25T12:00:41.493000+00:00,15m,bars/AUDNZD/15m/AUDNZD_15m.csv,2026-08-25T09:45:00+00:00,2026-08-25T12:00:00+00:00,445,454,10
2229054847,2229054847,2229054847,AUDNZD,AUDNZDm,short,Profit,2026-08-25T09:50:26.405000+00:00,2026-08-25T12:00:41.493000+00:00,5m,bars/AUDNZD/5m/AUDNZD_5m.csv,2026-08-25T09:50:00+00:00,2026-08-25T12:00:00+00:00,1332,1358,27
2229271794,2229271794,2229271794,EURJPY,EURJPYm,short,Loss,2026-08-25T10:25:20.083000+00:00,2026-08-25T21:05:50.929000+00:00,4h,bars/EURJPY/4h/EURJPY_4h.csv,2026-08-25T08:00:00+00:00,2026-08-25T20:00:00+00:00,28,31,4
2229271794,2229271794,2229271794,EURJPY,EURJPYm,short,Loss,2026-08-25T10:25:20.083000+00:00,2026-08-25T21:05:50.929000+00:00,15m,bars/EURJPY/15m/EURJPY_15m.csv,2026-08-25T10:15:00+00:00,2026-08-25T21:00:00+00:00,447,490,44
2229271794,2229271794,2229271794,EURJPY,EURJPYm,short,Loss,2026-08-25T10:25:20.083000+00:00,2026-08-25T21:05:50.929000+00:00,5m,bars/EURJPY/5m/EURJPY_5m.csv,2026-08-25T10:25:00+00:00,2026-08-25T21:05:00+00:00,1342,1470,129
2229567035,2229567035,2229567035,AUDUSD,AUDUSDm,long,Profit,2026-08-25T11:15:21.566000+00:00,2026-08-25T13:21:20.873000+00:00,4h,bars/AUDUSD/4h/AUDUSD_4h.csv,2026-08-25T08:00:00+00:00,2026-08-25T12:00:00+00:00,28,29,2
2229567035,2229567035,2229567035,AUDUSD,AUDUSDm,long,Profit,2026-08-25T11:15:21.566000+00:00,2026-08-25T13:21:20.873000+00:00,15m,bars/AUDUSD/15m/AUDUSD_15m.csv,2026-08-25T11:15:00+00:00,2026-08-25T13:15:00+00:00,451,459,9
2229567035,2229567035,2229567035,AUDUSD,AUDUSDm,long,Profit,2026-08-25T11:15:21.566000+00:00,2026-08-25T13:21:20.873000+00:00,5m,bars/AUDUSD/5m/AUDUSD_5m.csv,2026-08-25T11:15:00+00:00,2026-08-25T13:20:00+00:00,1352,1377,26
2229653939,2229653939,2229653939,EURUSD,EURUSDm,long,Profit,2026-08-25T11:30:20.181000+00:00,2026-08-25T13:12:14.263000+00:00,4h,bars/EURUSD/4h/EURUSD_4h.csv,2026-08-25T08:00:00+00:00,2026-08-25T12:00:00+00:00,28,29,2
2229653939,2229653939,2229653939,EURUSD,EURUSDm,long,Profit,2026-08-25T11:30:20.181000+00:00,2026-08-25T13:12:14.263000+00:00,15m,bars/EURUSD/15m/EURUSD_15m.csv,2026-08-25T11:30:00+00:00,2026-08-25T13:00:00+00:00,452,458,7
2229653939,2229653939,2229653939,EURUSD,EURUSDm,long,Profit,2026-08-25T11:30:20.181000+00:00,2026-08-25T13:12:14.263000+00:00,5m,bars/EURUSD/5m/EURUSD_5m.csv,2026-08-25T11:30:00+00:00,2026-08-25T13:10:00+00:00,1355,1375,21
2229881780,2229881780,2229881780,EURNZD,EURNZDm,long,Loss,2026-08-25T12:05:17.443000+00:00,2026-08-25T19:31:22.559000+00:00,4h,bars/EURNZD/4h/EURNZD_4h.csv,2026-08-25T12:00:00+00:00,2026-08-25T16:00:00+00:00,29,30,2
2229881780,2229881780,2229881780,EURNZD,EURNZDm,long,Loss,2026-08-25T12:05:17.443000+00:00,2026-08-25T19:31:22.559000+00:00,15m,bars/EURNZD/15m/EURNZD_15m.csv,2026-08-25T12:00:00+00:00,2026-08-25T19:30:00+00:00,454,484,31
2229881780,2229881780,2229881780,EURNZD,EURNZDm,long,Loss,2026-08-25T12:05:17.443000+00:00,2026-08-25T19:31:22.559000+00:00,5m,bars/EURNZD/5m/EURNZD_5m.csv,2026-08-25T12:05:00+00:00,2026-08-25T19:30:00+00:00,1361,1450,90
2229921396,2229921396,2229921396,EURCAD,EURCADm,short,Loss,2026-08-25T12:10:24.595000+00:00,2026-08-25T12:20:28.543000+00:00,4h,bars/EURCAD/4h/EURCAD_4h.csv,2026-08-25T12:00:00+00:00,2026-08-25T12:00:00+00:00,29,29,1
2229921396,2229921396,2229921396,EURCAD,EURCADm,short,Loss,2026-08-25T12:10:24.595000+00:00,2026-08-25T12:20:28.543000+00:00,15m,bars/EURCAD/15m/EURCAD_15m.csv,2026-08-25T12:00:00+00:00,2026-08-25T12:15:00+00:00,454,455,2
2229921396,2229921396,2229921396,EURCAD,EURCADm,short,Loss,2026-08-25T12:10:24.595000+00:00,2026-08-25T12:20:28.543000+00:00,5m,bars/EURCAD/5m/EURCAD_5m.csv,2026-08-25T12:10:00+00:00,2026-08-25T12:20:00+00:00,1361,1363,3
2230675041,2230675041,2230675041,USDJPY,USDJPYm,long,Loss,2026-08-25T13:20:24.915000+00:00,2026-08-25T19:53:20.036000+00:00,4h,bars/USDJPY/4h/USDJPY_4h.csv,2026-08-25T12:00:00+00:00,2026-08-25T16:00:00+00:00,29,30,2
2230675041,2230675041,2230675041,USDJPY,USDJPYm,long,Loss,2026-08-25T13:20:24.915000+00:00,2026-08-25T19:53:20.036000+00:00,15m,bars/USDJPY/15m/USDJPY_15m.csv,2026-08-25T13:15:00+00:00,2026-08-25T19:45:00+00:00,459,485,27
2230675041,2230675041,2230675041,USDJPY,USDJPYm,long,Loss,2026-08-25T13:20:24.915000+00:00,2026-08-25T19:53:20.036000+00:00,5m,bars/USDJPY/5m/USDJPY_5m.csv,2026-08-25T13:20:00+00:00,2026-08-25T19:50:00+00:00,1377,1455,79
2231175910,2231175910,2231175910,GBPCAD,GBPCADm,short,Loss,2026-08-25T13:55:28.138000+00:00,2026-08-26T03:21:34.615000+00:00,4h,bars/GBPCAD/4h/GBPCAD_4h.csv,2026-08-25T12:00:00+00:00,2026-08-26T00:00:00+00:00,29,32,4
2231175910,2231175910,2231175910,GBPCAD,GBPCADm,short,Loss,2026-08-25T13:55:28.138000+00:00,2026-08-26T03:21:34.615000+00:00,15m,bars/GBPCAD/15m/GBPCAD_15m.csv,2026-08-25T13:45:00+00:00,2026-08-26T03:15:00+00:00,460,514,55
2231175910,2231175910,2231175910,GBPCAD,GBPCADm,short,Loss,2026-08-25T13:55:28.138000+00:00,2026-08-26T03:21:34.615000+00:00,5m,bars/GBPCAD/5m/GBPCAD_5m.csv,2026-08-25T13:55:00+00:00,2026-08-26T03:20:00+00:00,1379,1539,161
2231603787,2231603787,2231603787,GBPNZD,GBPNZDm,long,Loss,2026-08-25T14:35:15.026000+00:00,2026-08-25T15:34:27.837000+00:00,4h,bars/GBPNZD/4h/GBPNZD_4h.csv,2026-08-25T12:00:00+00:00,2026-08-25T12:00:00+00:00,29,29,1
2231603787,2231603787,2231603787,GBPNZD,GBPNZDm,long,Loss,2026-08-25T14:35:15.026000+00:00,2026-08-25T15:34:27.837000+00:00,15m,bars/GBPNZD/15m/GBPNZD_15m.csv,2026-08-25T14:30:00+00:00,2026-08-25T15:30:00+00:00,463,467,5
2231603787,2231603787,2231603787,GBPNZD,GBPNZDm,long,Loss,2026-08-25T14:35:15.026000+00:00,2026-08-25T15:34:27.837000+00:00,5m,bars/GBPNZD/5m/GBPNZD_5m.csv,2026-08-25T14:35:00+00:00,2026-08-25T15:30:00+00:00,1385,1396,12
2231796571,2231796571,2231796571,AUDCHF,AUDCHFm,short,Loss,2026-08-25T14:55:25.364000+00:00,2026-08-26T01:30:01.501000+00:00,4h,bars/AUDCHF/4h/AUDCHF_4h.csv,2026-08-25T12:00:00+00:00,2026-08-26T00:00:00+00:00,29,32,4
2231796571,2231796571,2231796571,AUDCHF,AUDCHFm,short,Loss,2026-08-25T14:55:25.364000+00:00,2026-08-26T01:30:01.501000+00:00,15m,bars/AUDCHF/15m/AUDCHF_15m.csv,2026-08-25T14:45:00+00:00,2026-08-26T01:30:00+00:00,465,508,44
2231796571,2231796571,2231796571,AUDCHF,AUDCHFm,short,Loss,2026-08-25T14:55:25.364000+00:00,2026-08-26T01:30:01.501000+00:00,5m,bars/AUDCHF/5m/AUDCHF_5m.csv,2026-08-25T14:55:00+00:00,2026-08-26T01:30:00+00:00,1394,1520,127
2231797162,2231797162,2231797162,NZDJPY,NZDJPYm,short,Loss,2026-08-25T14:55:28.722000+00:00,2026-08-25T15:33:52.752000+00:00,4h,bars/NZDJPY/4h/NZDJPY_4h.csv,2026-08-25T12:00:00+00:00,2026-08-25T12:00:00+00:00,29,29,1
2231797162,2231797162,2231797162,NZDJPY,NZDJPYm,short,Loss,2026-08-25T14:55:28.722000+00:00,2026-08-25T15:33:52.752000+00:00,15m,bars/NZDJPY/15m/NZDJPY_15m.csv,2026-08-25T14:45:00+00:00,2026-08-25T15:30:00+00:00,465,468,4
2231797162,2231797162,2231797162,NZDJPY,NZDJPYm,short,Loss,2026-08-25T14:55:28.722000+00:00,2026-08-25T15:33:52.752000+00:00,5m,bars/NZDJPY/5m/NZDJPY_5m.csv,2026-08-25T14:55:00+00:00,2026-08-25T15:30:00+00:00,1394,1401,8
2233461904,2233461904,2233461904,EURGBP,EURGBPm,long,Profit,2026-08-25T19:05:24.426000+00:00,2026-08-26T11:25:22.839000+00:00,4h,bars/EURGBP/4h/EURGBP_4h.csv,2026-08-25T16:00:00+00:00,2026-08-26T08:00:00+00:00,30,34,5
2233461904,2233461904,2233461904,EURGBP,EURGBPm,long,Profit,2026-08-25T19:05:24.426000+00:00,2026-08-26T11:25:22.839000+00:00,15m,bars/EURGBP/15m/EURGBP_15m.csv,2026-08-25T19:00:00+00:00,2026-08-26T11:15:00+00:00,482,547,66
2233461904,2233461904,2233461904,EURGBP,EURGBPm,long,Profit,2026-08-25T19:05:24.426000+00:00,2026-08-26T11:25:22.839000+00:00,5m,bars/EURGBP/5m/EURGBP_5m.csv,2026-08-25T19:05:00+00:00,2026-08-26T11:25:00+00:00,1446,1642,197
2234047604,2234047604,2234047604,EURCHF,EURCHFm,long,Profit,2026-08-25T22:05:21.772000+00:00,2026-08-26T21:25:56.490000+00:00,4h,bars/EURCHF/4h/EURCHF_4h.csv,2026-08-25T20:00:00+00:00,2026-08-26T20:00:00+00:00,31,37,7
2234047604,2234047604,2234047604,EURCHF,EURCHFm,long,Profit,2026-08-25T22:05:21.772000+00:00,2026-08-26T21:25:56.490000+00:00,15m,bars/EURCHF/15m/EURCHF_15m.csv,2026-08-25T22:00:00+00:00,2026-08-26T21:15:00+00:00,494,587,94
2234047604,2234047604,2234047604,EURCHF,EURCHFm,long,Profit,2026-08-25T22:05:21.772000+00:00,2026-08-26T21:25:56.490000+00:00,5m,bars/EURCHF/5m/EURCHF_5m.csv,2026-08-25T22:05:00+00:00,2026-08-26T21:25:00+00:00,1482,1762,281
2234048124,2234048124,2234048124,NZDCAD,NZDCADm,short,Profit,2026-08-25T22:05:29.193000+00:00,2026-08-26T07:48:36.807000+00:00,4h,bars/NZDCAD/4h/NZDCAD_4h.csv,2026-08-25T20:00:00+00:00,2026-08-26T04:00:00+00:00,31,33,3
2234048124,2234048124,2234048124,NZDCAD,NZDCADm,short,Profit,2026-08-25T22:05:29.193000+00:00,2026-08-26T07:48:36.807000+00:00,15m,bars/NZDCAD/15m/NZDCAD_15m.csv,2026-08-25T22:00:00+00:00,2026-08-26T07:45:00+00:00,494,533,40
2234048124,2234048124,2234048124,NZDCAD,NZDCADm,short,Profit,2026-08-25T22:05:29.193000+00:00,2026-08-26T07:48:36.807000+00:00,5m,bars/NZDCAD/5m/NZDCAD_5m.csv,2026-08-25T22:05:00+00:00,2026-08-26T07:45:00+00:00,1477,1593,117
2237950549,2237950549,2237950549,GBPCAD,GBPCADm,short,Loss,2026-08-26T11:15:19.090000+00:00,2026-08-26T11:30:38.908000+00:00,4h,bars/GBPCAD/4h/GBPCAD_4h.csv,2026-08-26T08:00:00+00:00,2026-08-26T08:00:00+00:00,34,34,1
2237950549,2237950549,2237950549,GBPCAD,GBPCADm,short,Loss,2026-08-26T11:15:19.090000+00:00,2026-08-26T11:30:38.908000+00:00,15m,bars/GBPCAD/15m/GBPCAD_15m.csv,2026-08-26T11:15:00+00:00,2026-08-26T11:30:00+00:00,546,547,2
2237950549,2237950549,2237950549,GBPCAD,GBPCADm,short,Loss,2026-08-26T11:15:19.090000+00:00,2026-08-26T11:30:38.908000+00:00,5m,bars/GBPCAD/5m/GBPCAD_5m.csv,2026-08-26T11:15:00+00:00,2026-08-26T11:30:00+00:00,1634,1637,4
2238082823,2238082823,2238082823,EURAUD,EURAUDm,long,Profit,2026-08-26T11:35:19.933000+00:00,2026-08-26T17:34:46.307000+00:00,4h,bars/EURAUD/4h/EURAUD_4h.csv,2026-08-26T08:00:00+00:00,2026-08-26T16:00:00+00:00,34,36,3
2238082823,2238082823,2238082823,EURAUD,EURAUDm,long,Profit,2026-08-26T11:35:19.933000+00:00,2026-08-26T17:34:46.307000+00:00,15m,bars/EURAUD/15m/EURAUD_15m.csv,2026-08-26T11:30:00+00:00,2026-08-26T17:30:00+00:00,548,572,25
2238082823,2238082823,2238082823,EURAUD,EURAUDm,long,Profit,2026-08-26T11:35:19.933000+00:00,2026-08-26T17:34:46.307000+00:00,5m,bars/EURAUD/5m/EURAUD_5m.csv,2026-08-26T11:35:00+00:00,2026-08-26T17:30:00+00:00,1642,1713,72
2238351221,2238351221,2238351221,XAUUSD,XAUUSDm,short,Loss,2026-08-26T12:15:23.239000+00:00,2026-08-26T12:30:00.289000+00:00,4h,bars/XAUUSD/4h/XAUUSD_4h.csv,2026-08-26T12:00:00+00:00,2026-08-26T12:00:00+00:00,35,35,1
2238351221,2238351221,2238351221,XAUUSD,XAUUSDm,short,Loss,2026-08-26T12:15:23.239000+00:00,2026-08-26T12:30:00.289000+00:00,15m,bars/XAUUSD/15m/XAUUSD_15m.csv,2026-08-26T12:15:00+00:00,2026-08-26T12:30:00+00:00,527,528,2
2238351221,2238351221,2238351221,XAUUSD,XAUUSDm,short,Loss,2026-08-26T12:15:23.239000+00:00,2026-08-26T12:30:00.289000+00:00,5m,bars/XAUUSD/5m/XAUUSD_5m.csv,2026-08-26T12:15:00+00:00,2026-08-26T12:30:00+00:00,1581,1584,4
2238706622,2238706622,2238706622,NZDCHF,NZDCHFm,short,Profit,2026-08-26T12:40:19.814000+00:00,2026-08-26T15:25:00.684000+00:00,4h,bars/NZDCHF/4h/NZDCHF_4h.csv,2026-08-26T12:00:00+00:00,2026-08-26T12:00:00+00:00,35,35,1
2238706622,2238706622,2238706622,NZDCHF,NZDCHFm,short,Profit,2026-08-26T12:40:19.814000+00:00,2026-08-26T15:25:00.684000+00:00,15m,bars/NZDCHF/15m/NZDCHF_15m.csv,2026-08-26T12:30:00+00:00,2026-08-26T15:15:00+00:00,552,563,12
2238706622,2238706622,2238706622,NZDCHF,NZDCHFm,short,Profit,2026-08-26T12:40:19.814000+00:00,2026-08-26T15:25:00.684000+00:00,5m,bars/NZDCHF/5m/NZDCHF_5m.csv,2026-08-26T12:40:00+00:00,2026-08-26T15:25:00+00:00,1657,1690,34
2239725524,2239725524,2239725524,XAUUSD,XAUUSDm,short,Loss,2026-08-26T13:55:17.400000+00:00,2026-08-26T14:00:08.871000+00:00,4h,bars/XAUUSD/4h/XAUUSD_4h.csv,2026-08-26T12:00:00+00:00,2026-08-26T12:00:00+00:00,35,35,1
2239725524,2239725524,2239725524,XAUUSD,XAUUSDm,short,Loss,2026-08-26T13:55:17.400000+00:00,2026-08-26T14:00:08.871000+00:00,15m,bars/XAUUSD/15m/XAUUSD_15m.csv,2026-08-26T13:45:00+00:00,2026-08-26T14:00:00+00:00,533,534,2
2239725524,2239725524,2239725524,XAUUSD,XAUUSDm,short,Loss,2026-08-26T13:55:17.400000+00:00,2026-08-26T14:00:08.871000+00:00,5m,bars/XAUUSD/5m/XAUUSD_5m.csv,2026-08-26T13:55:00+00:00,2026-08-26T14:00:00+00:00,1601,1602,2
2240105070,2240105070,2240105070,NZDJPY,NZDJPYm,long,Loss,2026-08-26T14:35:17.842000+00:00,2026-08-26T14:57:34.960000+00:00,4h,bars/NZDJPY/4h/NZDJPY_4h.csv,2026-08-26T12:00:00+00:00,2026-08-26T12:00:00+00:00,35,35,1
2240105070,2240105070,2240105070,NZDJPY,NZDJPYm,long,Loss,2026-08-26T14:35:17.842000+00:00,2026-08-26T14:57:34.960000+00:00,15m,bars/NZDJPY/15m/NZDJPY_15m.csv,2026-08-26T14:30:00+00:00,2026-08-26T14:45:00+00:00,560,561,2
2240105070,2240105070,2240105070,NZDJPY,NZDJPYm,long,Loss,2026-08-26T14:35:17.842000+00:00,2026-08-26T14:57:34.960000+00:00,5m,bars/NZDJPY/5m/NZDJPY_5m.csv,2026-08-26T14:35:00+00:00,2026-08-26T14:55:00+00:00,1678,1682,5
2241264010,2241264010,2241264010,GBPAUD,GBPAUDm,long,Loss,2026-08-26T16:30:14.698000+00:00,2026-08-26T21:50:06.706000+00:00,4h,bars/GBPAUD/4h/GBPAUD_4h.csv,2026-08-26T16:00:00+00:00,2026-08-26T20:00:00+00:00,36,37,2
2241264010,2241264010,2241264010,GBPAUD,GBPAUDm,long,Loss,2026-08-26T16:30:14.698000+00:00,2026-08-26T21:50:06.706000+00:00,15m,bars/GBPAUD/15m/GBPAUD_15m.csv,2026-08-26T16:30:00+00:00,2026-08-26T21:45:00+00:00,568,589,22
2241264010,2241264010,2241264010,GBPAUD,GBPAUDm,long,Loss,2026-08-26T16:30:14.698000+00:00,2026-08-26T21:50:06.706000+00:00,5m,bars/GBPAUD/5m/GBPAUD_5m.csv,2026-08-26T16:30:00+00:00,2026-08-26T21:50:00+00:00,1698,1761,64
2241352320,2241352320,2241352320,AUDJPY,AUDJPYm,short,Loss,2026-08-26T16:40:40.798000+00:00,2026-08-26T17:28:02.209000+00:00,4h,bars/AUDJPY/4h/AUDJPY_4h.csv,2026-08-26T16:00:00+00:00,2026-08-26T16:00:00+00:00,36,36,1
2241352320,2241352320,2241352320,AUDJPY,AUDJPYm,short,Loss,2026-08-26T16:40:40.798000+00:00,2026-08-26T17:28:02.209000+00:00,15m,bars/AUDJPY/15m/AUDJPY_15m.csv,2026-08-26T16:30:00+00:00,2026-08-26T17:15:00+00:00,568,571,4
2241352320,2241352320,2241352320,AUDJPY,AUDJPYm,short,Loss,2026-08-26T16:40:40.798000+00:00,2026-08-26T17:28:02.209000+00:00,5m,bars/AUDJPY/5m/AUDJPY_5m.csv,2026-08-26T16:40:00+00:00,2026-08-26T17:25:00+00:00,1704,1713,10
2242177972,2242177972,2242177972,AUDNZD,AUDNZDm,short,Loss,2026-08-26T19:05:18.017000+00:00,2026-08-26T22:00:05.363000+00:00,4h,bars/AUDNZD/4h/AUDNZD_4h.csv,2026-08-26T16:00:00+00:00,2026-08-26T20:00:00+00:00,36,37,2
2242177972,2242177972,2242177972,AUDNZD,AUDNZDm,short,Loss,2026-08-26T19:05:18.017000+00:00,2026-08-26T22:00:05.363000+00:00,15m,bars/AUDNZD/15m/AUDNZD_15m.csv,2026-08-26T19:00:00+00:00,2026-08-26T22:00:00+00:00,578,590,13
2242177972,2242177972,2242177972,AUDNZD,AUDNZDm,short,Loss,2026-08-26T19:05:18.017000+00:00,2026-08-26T22:00:05.363000+00:00,5m,bars/AUDNZD/5m/AUDNZD_5m.csv,2026-08-26T19:05:00+00:00,2026-08-26T22:00:00+00:00,1731,1766,36
2245798310,2245798310,2245798310,AUDCAD,AUDCADm,short,Profit,2026-08-27T08:35:22.806000+00:00,2026-08-27T10:55:57.189000+00:00,4h,bars/AUDCAD/4h/AUDCAD_4h.csv,2026-08-27T08:00:00+00:00,2026-08-27T08:00:00+00:00,40,40,1
2245798310,2245798310,2245798310,AUDCAD,AUDCADm,short,Profit,2026-08-27T08:35:22.806000+00:00,2026-08-27T10:55:57.189000+00:00,15m,bars/AUDCAD/15m/AUDCAD_15m.csv,2026-08-27T08:30:00+00:00,2026-08-27T10:45:00+00:00,632,641,10
2245798310,2245798310,2245798310,AUDCAD,AUDCADm,short,Profit,2026-08-27T08:35:22.806000+00:00,2026-08-27T10:55:57.189000+00:00,5m,bars/AUDCAD/5m/AUDCAD_5m.csv,2026-08-27T08:35:00+00:00,2026-08-27T10:55:00+00:00,1894,1922,29
2245823456,2245823456,2245823456,USDCAD,USDCADm,short,Profit,2026-08-27T08:40:27.287000+00:00,2026-08-27T12:13:46.089000+00:00,4h,bars/USDCAD/4h/USDCAD_4h.csv,2026-08-27T08:00:00+00:00,2026-08-27T12:00:00+00:00,40,41,2
2245823456,2245823456,2245823456,USDCAD,USDCADm,short,Profit,2026-08-27T08:40:27.287000+00:00,2026-08-27T12:13:46.089000+00:00,15m,bars/USDCAD/15m/USDCAD_15m.csv,2026-08-27T08:30:00+00:00,2026-08-27T12:00:00+00:00,632,646,15
2245823456,2245823456,2245823456,USDCAD,USDCADm,short,Profit,2026-08-27T08:40:27.287000+00:00,2026-08-27T12:13:46.089000+00:00,5m,bars/USDCAD/5m/USDCAD_5m.csv,2026-08-27T08:40:00+00:00,2026-08-27T12:10:00+00:00,1897,1939,43
2246723445,2246723445,2246723445,AUDUSD,AUDUSDm,short,Loss,2026-08-27T10:40:12.321000+00:00,2026-08-27T11:21:01.478000+00:00,4h,bars/AUDUSD/4h/AUDUSD_4h.csv,2026-08-27T08:00:00+00:00,2026-08-27T08:00:00+00:00,40,40,1
2246723445,2246723445,2246723445,AUDUSD,AUDUSDm,short,Loss,2026-08-27T10:40:12.321000+00:00,2026-08-27T11:21:01.478000+00:00,15m,bars/AUDUSD/15m/AUDUSD_15m.csv,2026-08-27T10:30:00+00:00,2026-08-27T11:15:00+00:00,640,643,4
2246723445,2246723445,2246723445,AUDUSD,AUDUSDm,short,Loss,2026-08-27T10:40:12.321000+00:00,2026-08-27T11:21:01.478000+00:00,5m,bars/AUDUSD/5m/AUDUSD_5m.csv,2026-08-27T10:40:00+00:00,2026-08-27T11:20:00+00:00,1921,1929,9
2246909612,2246909612,2246909612,AUDCAD,AUDCADm,short,Loss,2026-08-27T11:05:24.580000+00:00,2026-08-27T12:17:37.945000+00:00,4h,bars/AUDCAD/4h/AUDCAD_4h.csv,2026-08-27T08:00:00+00:00,2026-08-27T12:00:00+00:00,40,41,2
2246909612,2246909612,2246909612,AUDCAD,AUDCADm,short,Loss,2026-08-27T11:05:24.580000+00:00,2026-08-27T12:17:37.945000+00:00,15m,bars/AUDCAD/15m/AUDCAD_15m.csv,2026-08-27T11:00:00+00:00,2026-08-27T12:15:00+00:00,642,647,6
2246909612,2246909612,2246909612,AUDCAD,AUDCADm,short,Loss,2026-08-27T11:05:24.580000+00:00,2026-08-27T12:17:37.945000+00:00,5m,bars/AUDCAD/5m/AUDCAD_5m.csv,2026-08-27T11:05:00+00:00,2026-08-27T12:15:00+00:00,1924,1938,15
2246932738,2246932738,2246932738,EURGBP,EURGBPm,short,Loss,2026-08-27T11:10:14.645000+00:00,2026-08-27T12:53:42.146000+00:00,4h,bars/EURGBP/4h/EURGBP_4h.csv,2026-08-27T08:00:00+00:00,2026-08-27T12:00:00+00:00,40,41,2
2246932738,2246932738,2246932738,EURGBP,EURGBPm,short,Loss,2026-08-27T11:10:14.645000+00:00,2026-08-27T12:53:42.146000+00:00,15m,bars/EURGBP/15m/EURGBP_15m.csv,2026-08-27T11:00:00+00:00,2026-08-27T12:45:00+00:00,642,649,8
2246932738,2246932738,2246932738,EURGBP,EURGBPm,short,Loss,2026-08-27T11:10:14.645000+00:00,2026-08-27T12:53:42.146000+00:00,5m,bars/EURGBP/5m/EURGBP_5m.csv,2026-08-27T11:10:00+00:00,2026-08-27T12:50:00+00:00,1927,1947,21
2248923114,2248923114,2248923114,GBPJPY,GBPJPYm,long,Loss,2026-08-27T14:35:15.901000+00:00,2026-08-27T14:55:35.270000+00:00,4h,bars/GBPJPY/4h/GBPJPY_4h.csv,2026-08-27T12:00:00+00:00,2026-08-27T12:00:00+00:00,41,41,1
2248923114,2248923114,2248923114,GBPJPY,GBPJPYm,long,Loss,2026-08-27T14:35:15.901000+00:00,2026-08-27T14:55:35.270000+00:00,15m,bars/GBPJPY/15m/GBPJPY_15m.csv,2026-08-27T14:30:00+00:00,2026-08-27T14:45:00+00:00,656,657,2
2248923114,2248923114,2248923114,GBPJPY,GBPJPYm,long,Loss,2026-08-27T14:35:15.901000+00:00,2026-08-27T14:55:35.270000+00:00,5m,bars/GBPJPY/5m/GBPJPY_5m.csv,2026-08-27T14:35:00+00:00,2026-08-27T14:55:00+00:00,1964,1968,5
2249163508,2249163508,2249163508,GBPNZD,GBPNZDm,long,Loss,2026-08-27T14:55:26.246000+00:00,2026-08-28T01:30:44.387000+00:00,4h,bars/GBPNZD/4h/GBPNZD_4h.csv,2026-08-27T12:00:00+00:00,2026-08-28T00:00:00+00:00,41,44,4
2249163508,2249163508,2249163508,GBPNZD,GBPNZDm,long,Loss,2026-08-27T14:55:26.246000+00:00,2026-08-28T01:30:44.387000+00:00,15m,bars/GBPNZD/15m/GBPNZD_15m.csv,2026-08-27T14:45:00+00:00,2026-08-28T01:30:00+00:00,656,699,44
2249163508,2249163508,2249163508,GBPNZD,GBPNZDm,long,Loss,2026-08-27T14:55:26.246000+00:00,2026-08-28T01:30:44.387000+00:00,5m,bars/GBPNZD/5m/GBPNZD_5m.csv,2026-08-27T14:55:00+00:00,2026-08-28T01:30:00+00:00,1959,2085,127
2250339909,2250339909,2250339909,EURCHF,EURCHFm,long,Loss,2026-08-27T17:50:12.950000+00:00,2026-08-27T21:59:46.037000+00:00,4h,bars/EURCHF/4h/EURCHF_4h.csv,2026-08-27T16:00:00+00:00,2026-08-27T20:00:00+00:00,42,43,2
2250339909,2250339909,2250339909,EURCHF,EURCHFm,long,Loss,2026-08-27T17:50:12.950000+00:00,2026-08-27T21:59:46.037000+00:00,15m,bars/EURCHF/15m/EURCHF_15m.csv,2026-08-27T17:45:00+00:00,2026-08-27T21:45:00+00:00,669,685,17
2250339909,2250339909,2250339909,EURCHF,EURCHFm,long,Loss,2026-08-27T17:50:12.950000+00:00,2026-08-27T21:59:46.037000+00:00,5m,bars/EURCHF/5m/EURCHF_5m.csv,2026-08-27T17:50:00+00:00,2026-08-27T21:55:00+00:00,2007,2056,50
2251184276,2251184276,2251184276,EURCAD,EURCADm,long,Loss,2026-08-27T20:55:15.270000+00:00,2026-08-28T02:31:49.133000+00:00,4h,bars/EURCAD/4h/EURCAD_4h.csv,2026-08-27T20:00:00+00:00,2026-08-28T00:00:00+00:00,43,44,2
2251184276,2251184276,2251184276,EURCAD,EURCADm,long,Loss,2026-08-27T20:55:15.270000+00:00,2026-08-28T02:31:49.133000+00:00,15m,bars/EURCAD/15m/EURCAD_15m.csv,2026-08-27T20:45:00+00:00,2026-08-28T02:30:00+00:00,681,704,24
2251184276,2251184276,2251184276,EURCAD,EURCADm,long,Loss,2026-08-27T20:55:15.270000+00:00,2026-08-28T02:31:49.133000+00:00,5m,bars/EURCAD/5m/EURCAD_5m.csv,2026-08-27T20:55:00+00:00,2026-08-28T02:30:00+00:00,2042,2109,68
2251314096,2251314096,2251314096,GBPCAD,GBPCADm,long,Loss,2026-08-27T22:10:17.578000+00:00,2026-08-28T05:31:09.682000+00:00,4h,bars/GBPCAD/4h/GBPCAD_4h.csv,2026-08-27T20:00:00+00:00,2026-08-28T04:00:00+00:00,43,45,3
2251314096,2251314096,2251314096,GBPCAD,GBPCADm,long,Loss,2026-08-27T22:10:17.578000+00:00,2026-08-28T05:31:09.682000+00:00,15m,bars/GBPCAD/15m/GBPCAD_15m.csv,2026-08-27T22:00:00+00:00,2026-08-28T05:30:00+00:00,685,715,31
2251314096,2251314096,2251314096,GBPCAD,GBPCADm,long,Loss,2026-08-27T22:10:17.578000+00:00,2026-08-28T05:31:09.682000+00:00,5m,bars/GBPCAD/5m/GBPCAD_5m.csv,2026-08-27T22:10:00+00:00,2026-08-28T05:30:00+00:00,2053,2141,89
2255575169,2255575169,2255575169,EURUSD,EURUSDm,long,Profit,2026-08-28T12:45:16.205000+00:00,2026-08-28T13:05:19.935000+00:00,4h,bars/EURUSD/4h/EURUSD_4h.csv,2026-08-28T12:00:00+00:00,2026-08-28T12:00:00+00:00,47,47,1
2255575169,2255575169,2255575169,EURUSD,EURUSDm,long,Profit,2026-08-28T12:45:16.205000+00:00,2026-08-28T13:05:19.935000+00:00,15m,bars/EURUSD/15m/EURUSD_15m.csv,2026-08-28T12:45:00+00:00,2026-08-28T13:00:00+00:00,745,746,2
2255575169,2255575169,2255575169,EURUSD,EURUSDm,long,Profit,2026-08-28T12:45:16.205000+00:00,2026-08-28T13:05:19.935000+00:00,5m,bars/EURUSD/5m/EURUSD_5m.csv,2026-08-28T12:45:00+00:00,2026-08-28T13:05:00+00:00,2234,2238,5
2255677378,2255677378,2255677378,GBPUSD,GBPUSDm,long,Loss,2026-08-28T12:55:24.200000+00:00,2026-08-28T13:59:59.356000+00:00,4h,bars/GBPUSD/4h/GBPUSD_4h.csv,2026-08-28T12:00:00+00:00,2026-08-28T12:00:00+00:00,47,47,1
2255677378,2255677378,2255677378,GBPUSD,GBPUSDm,long,Loss,2026-08-28T12:55:24.200000+00:00,2026-08-28T13:59:59.356000+00:00,15m,bars/GBPUSD/15m/GBPUSD_15m.csv,2026-08-28T12:45:00+00:00,2026-08-28T13:45:00+00:00,745,749,5
2255677378,2255677378,2255677378,GBPUSD,GBPUSDm,long,Loss,2026-08-28T12:55:24.200000+00:00,2026-08-28T13:59:59.356000+00:00,5m,bars/GBPUSD/5m/GBPUSD_5m.csv,2026-08-28T12:55:00+00:00,2026-08-28T13:55:00+00:00,2229,2241,13
2255946610,2255946610,2255946610,USDJPY,USDJPYm,short,Profit,2026-08-28T13:20:27.098000+00:00,2026-08-28T13:59:40.974000+00:00,4h,bars/USDJPY/4h/USDJPY_4h.csv,2026-08-28T12:00:00+00:00,2026-08-28T12:00:00+00:00,47,47,1
2255946610,2255946610,2255946610,USDJPY,USDJPYm,short,Profit,2026-08-28T13:20:27.098000+00:00,2026-08-28T13:59:40.974000+00:00,15m,bars/USDJPY/15m/USDJPY_15m.csv,2026-08-28T13:15:00+00:00,2026-08-28T13:45:00+00:00,747,749,3
2255946610,2255946610,2255946610,USDJPY,USDJPYm,short,Profit,2026-08-28T13:20:27.098000+00:00,2026-08-28T13:59:40.974000+00:00,5m,bars/USDJPY/5m/USDJPY_5m.csv,2026-08-28T13:20:00+00:00,2026-08-28T13:55:00+00:00,2241,2248,8
2255947389,2255947389,2255947389,EURCAD,EURCADm,long,Loss,2026-08-28T13:20:32.647000+00:00,2026-08-28T13:25:41.794000+00:00,4h,bars/EURCAD/4h/EURCAD_4h.csv,2026-08-28T12:00:00+00:00,2026-08-28T12:00:00+00:00,47,47,1
2255947389,2255947389,2255947389,EURCAD,EURCADm,long,Loss,2026-08-28T13:20:32.647000+00:00,2026-08-28T13:25:41.794000+00:00,15m,bars/EURCAD/15m/EURCAD_15m.csv,2026-08-28T13:15:00+00:00,2026-08-28T13:15:00+00:00,747,747,1
2255947389,2255947389,2255947389,EURCAD,EURCADm,long,Loss,2026-08-28T13:20:32.647000+00:00,2026-08-28T13:25:41.794000+00:00,5m,bars/EURCAD/5m/EURCAD_5m.csv,2026-08-28T13:20:00+00:00,2026-08-28T13:25:00+00:00,2239,2240,2
2256276717,2256276717,2256276717,EURUSD,EURUSDm,long,Loss,2026-08-28T13:55:19.874000+00:00,2026-08-28T13:59:58.952000+00:00,4h,bars/EURUSD/4h/EURUSD_4h.csv,2026-08-28T12:00:00+00:00,2026-08-28T12:00:00+00:00,47,47,1
2256276717,2256276717,2256276717,EURUSD,EURUSDm,long,Loss,2026-08-28T13:55:19.874000+00:00,2026-08-28T13:59:58.952000+00:00,15m,bars/EURUSD/15m/EURUSD_15m.csv,2026-08-28T13:45:00+00:00,2026-08-28T13:45:00+00:00,749,749,1
2256276717,2256276717,2256276717,EURUSD,EURUSDm,long,Loss,2026-08-28T13:55:19.874000+00:00,2026-08-28T13:59:58.952000+00:00,5m,bars/EURUSD/5m/EURUSD_5m.csv,2026-08-28T13:55:00+00:00,2026-08-28T13:55:00+00:00,2248,2248,1
2257697196,2257697196,2257697196,GBPAUD,GBPAUDm,long,Profit,2026-08-28T14:40:16.177000+00:00,2026-08-28T14:57:43.098000+00:00,4h,bars/GBPAUD/4h/GBPAUD_4h.csv,2026-08-28T12:00:00+00:00,2026-08-28T12:00:00+00:00,47,47,1
2257697196,2257697196,2257697196,GBPAUD,GBPAUDm,long,Profit,2026-08-28T14:40:16.177000+00:00,2026-08-28T14:57:43.098000+00:00,15m,bars/GBPAUD/15m/GBPAUD_15m.csv,2026-08-28T14:30:00+00:00,2026-08-28T14:45:00+00:00,752,753,2
2257697196,2257697196,2257697196,GBPAUD,GBPAUDm,long,Profit,2026-08-28T14:40:16.177000+00:00,2026-08-28T14:57:43.098000+00:00,5m,bars/GBPAUD/5m/GBPAUD_5m.csv,2026-08-28T14:40:00+00:00,2026-08-28T14:55:00+00:00,2251,2254,4
2258166836,2258166836,2258166836,AUDJPY,AUDJPYm,short,Profit,2026-08-28T15:10:21.461000+00:00,2026-08-28T19:41:50.461000+00:00,4h,bars/AUDJPY/4h/AUDJPY_4h.csv,2026-08-28T12:00:00+00:00,2026-08-28T16:00:00+00:00,47,48,2
2258166836,2258166836,2258166836,AUDJPY,AUDJPYm,short,Profit,2026-08-28T15:10:21.461000+00:00,2026-08-28T19:41:50.461000+00:00,15m,bars/AUDJPY/15m/AUDJPY_15m.csv,2026-08-28T15:00:00+00:00,2026-08-28T19:30:00+00:00,754,772,19
2258166836,2258166836,2258166836,AUDJPY,AUDJPYm,short,Profit,2026-08-28T15:10:21.461000+00:00,2026-08-28T19:41:50.461000+00:00,5m,bars/AUDJPY/5m/AUDJPY_5m.csv,2026-08-28T15:10:00+00:00,2026-08-28T19:40:00+00:00,2262,2316,55
2259685820,2259685820,2259685820,EURAUD,EURAUDm,long,Loss,2026-08-28T16:35:25.993000+00:00,2026-08-28T20:58:46.802000+00:00,4h,bars/EURAUD/4h/EURAUD_4h.csv,2026-08-28T16:00:00+00:00,2026-08-28T20:00:00+00:00,48,49,2
2259685820,2259685820,2259685820,EURAUD,EURAUDm,long,Loss,2026-08-28T16:35:25.993000+00:00,2026-08-28T20:58:46.802000+00:00,15m,bars/EURAUD/15m/EURAUD_15m.csv,2026-08-28T16:30:00+00:00,2026-08-28T20:45:00+00:00,760,777,18
2259685820,2259685820,2259685820,EURAUD,EURAUDm,long,Loss,2026-08-28T16:35:25.993000+00:00,2026-08-28T20:58:46.802000+00:00,5m,bars/EURAUD/5m/EURAUD_5m.csv,2026-08-28T16:35:00+00:00,2026-08-28T20:55:00+00:00,2277,2329,53
2260128445,2260128445,2260128445,GBPCAD,GBPCADm,long,Open,2026-08-28T17:15:15.557000+00:00,2026-08-29T16:57:21+00:00,4h,bars/GBPCAD/4h/GBPCAD_4h.csv,2026-08-28T16:00:00+00:00,2026-08-28T20:00:00+00:00,48,49,2
2260128445,2260128445,2260128445,GBPCAD,GBPCADm,long,Open,2026-08-28T17:15:15.557000+00:00,2026-08-29T16:57:21+00:00,15m,bars/GBPCAD/15m/GBPCAD_15m.csv,2026-08-28T17:15:00+00:00,2026-08-28T20:45:00+00:00,762,776,15
2260128445,2260128445,2260128445,GBPCAD,GBPCADm,long,Open,2026-08-28T17:15:15.557000+00:00,2026-08-29T16:57:21+00:00,5m,bars/GBPCAD/5m/GBPCAD_5m.csv,2026-08-28T17:15:00+00:00,2026-08-28T20:55:00+00:00,2282,2326,45
2260636635,2260636635,2260636635,AUDCAD,AUDCADm,short,Loss,2026-08-28T18:20:34.048000+00:00,2026-08-28T19:32:40.609000+00:00,4h,bars/AUDCAD/4h/AUDCAD_4h.csv,2026-08-28T16:00:00+00:00,2026-08-28T16:00:00+00:00,48,48,1
2260636635,2260636635,2260636635,AUDCAD,AUDCADm,short,Loss,2026-08-28T18:20:34.048000+00:00,2026-08-28T19:32:40.609000+00:00,15m,bars/AUDCAD/15m/AUDCAD_15m.csv,2026-08-28T18:15:00+00:00,2026-08-28T19:30:00+00:00,767,772,6
2260636635,2260636635,2260636635,AUDCAD,AUDCADm,short,Loss,2026-08-28T18:20:34.048000+00:00,2026-08-28T19:32:40.609000+00:00,5m,bars/AUDCAD/5m/AUDCAD_5m.csv,2026-08-28T18:20:00+00:00,2026-08-28T19:30:00+00:00,2299,2313,15
2261342606,2261342606,2261342606,EURCAD,EURCADm,long,Loss,2026-08-28T20:35:24.043000+00:00,2026-08-28T20:58:44.396000+00:00,4h,bars/EURCAD/4h/EURCAD_4h.csv,2026-08-28T20:00:00+00:00,2026-08-28T20:00:00+00:00,49,49,1
2261342606,2261342606,2261342606,EURCAD,EURCADm,long,Loss,2026-08-28T20:35:24.043000+00:00,2026-08-28T20:58:44.396000+00:00,15m,bars/EURCAD/15m/EURCAD_15m.csv,2026-08-28T20:30:00+00:00,2026-08-28T20:45:00+00:00,776,777,2
2261342606,2261342606,2261342606,EURCAD,EURCADm,long,Loss,2026-08-28T20:35:24.043000+00:00,2026-08-28T20:58:44.396000+00:00,5m,bars/EURCAD/5m/EURCAD_5m.csv,2026-08-28T20:35:00+00:00,2026-08-28T20:55:00+00:00,2326,2330,5
