time_utc,Day_IST,Time_IST,time,open,high,low,close,tick_volume,spread,real_volume
2026-08-17T00:00:00+00:00,2026-08-17,05:30:00,1786924800,1.63346,1.63346,1.6327,1.6327,408,17,0
2026-08-17T00:15:00+00:00,2026-08-17,05:45:00,1786925700,1.63269,1.63283,1.6322100000000002,1.63227,415,17,0
2026-08-17T00:30:00+00:00,2026-08-17,06:00:00,1786926600,1.63229,1.63246,1.63205,1.6324,330,17,0
2026-08-17T00:45:00+00:00,2026-08-17,06:15:00,1786927500,1.6324,1.6329500000000001,1.63238,1.6326800000000001,396,17,0
2026-08-17T01:00:00+00:00,2026-08-17,06:30:00,1786928400,1.63269,1.6333,1.6326100000000001,1.63319,438,17,0
2026-08-17T01:15:00+00:00,2026-08-17,06:45:00,1786929300,1.63317,1.63321,1.63247,1.6326399999999999,410,17,0
2026-08-17T01:30:00+00:00,2026-08-17,07:00:00,1786930200,1.63262,1.63274,1.63217,1.6322299999999998,381,17,0
2026-08-17T01:45:00+00:00,2026-08-17,07:15:00,1786931100,1.63224,1.63225,1.63184,1.63218,364,17,0
2026-08-17T02:00:00+00:00,2026-08-17,07:30:00,1786932000,1.6322100000000002,1.63262,1.6320999999999999,1.63251,338,17,0
2026-08-17T02:15:00+00:00,2026-08-17,07:45:00,1786932900,1.63251,1.63278,1.63243,1.63249,243,17,0
2026-08-17T02:30:00+00:00,2026-08-17,08:00:00,1786933800,1.63249,1.63277,1.63226,1.63272,305,17,0
2026-08-17T02:45:00+00:00,2026-08-17,08:15:00,1786934700,1.6327099999999999,1.63281,1.63253,1.63272,289,17,0
2026-08-17T03:00:00+00:00,2026-08-17,08:30:00,1786935600,1.63269,1.6327500000000001,1.63225,1.63244,320,17,0
2026-08-17T03:15:00+00:00,2026-08-17,08:45:00,1786936500,1.63245,1.63251,1.63195,1.63195,230,17,0
2026-08-17T03:30:00+00:00,2026-08-17,09:00:00,1786937400,1.6319599999999999,1.63219,1.63163,1.63172,255,17,0
2026-08-17T03:45:00+00:00,2026-08-17,09:15:00,1786938300,1.63174,1.63179,1.63124,1.63133,276,17,0
2026-08-17T04:00:00+00:00,2026-08-17,09:30:00,1786939200,1.63133,1.6313900000000001,1.63093,1.63111,333,17,0
2026-08-17T04:15:00+00:00,2026-08-17,09:45:00,1786940100,1.6311,1.63111,1.63053,1.631,307,17,0
2026-08-17T04:30:00+00:00,2026-08-17,10:00:00,1786941000,1.631,1.6312600000000002,1.63093,1.63093,235,17,0
2026-08-17T04:45:00+00:00,2026-08-17,10:15:00,1786941900,1.6309200000000001,1.63122,1.6308799999999999,1.63118,205,17,0
2026-08-17T05:00:00+00:00,2026-08-17,10:30:00,1786942800,1.6311900000000001,1.63132,1.63086,1.63098,264,17,0
2026-08-17T05:15:00+00:00,2026-08-17,10:45:00,1786943700,1.631,1.63105,1.6306,1.63061,278,17,0
2026-08-17T05:30:00+00:00,2026-08-17,11:00:00,1786944600,1.6305800000000001,1.6306699999999998,1.62883,1.6290900000000001,513,17,0
2026-08-17T05:45:00+00:00,2026-08-17,11:15:00,1786945500,1.62908,1.62957,1.62847,1.62901,560,17,0
2026-08-17T06:00:00+00:00,2026-08-17,11:30:00,1786946400,1.6289799999999999,1.62921,1.62863,1.6292,553,17,0
2026-08-17T06:15:00+00:00,2026-08-17,11:45:00,1786947300,1.6292,1.62939,1.6286399999999999,1.6288200000000002,508,17,0
2026-08-17T06:30:00+00:00,2026-08-17,12:00:00,1786948200,1.6288,1.6289,1.6284800000000001,1.62863,412,17,0
2026-08-17T06:45:00+00:00,2026-08-17,12:15:00,1786949100,1.62862,1.62876,1.6280299999999999,1.62806,485,17,0
2026-08-17T07:00:00+00:00,2026-08-17,12:30:00,1786950000,1.62808,1.62873,1.6277599999999999,1.6286800000000001,639,17,0
2026-08-17T07:15:00+00:00,2026-08-17,12:45:00,1786950900,1.6287,1.6294300000000002,1.62836,1.6292900000000001,545,17,0
2026-08-17T07:30:00+00:00,2026-08-17,13:00:00,1786951800,1.6292900000000001,1.6302400000000001,1.62928,1.62991,608,17,0
2026-08-17T07:45:00+00:00,2026-08-17,13:15:00,1786952700,1.6299000000000001,1.63007,1.62967,1.62994,453,17,0
2026-08-17T08:00:00+00:00,2026-08-17,13:30:00,1786953600,1.62996,1.63068,1.62996,1.63035,460,17,0
2026-08-17T08:15:00+00:00,2026-08-17,13:45:00,1786954500,1.63035,1.63076,1.63026,1.63062,389,17,0
2026-08-17T08:30:00+00:00,2026-08-17,14:00:00,1786955400,1.63063,1.63063,1.62933,1.62951,476,17,0
2026-08-17T08:45:00+00:00,2026-08-17,14:15:00,1786956300,1.62951,1.6295899999999999,1.62878,1.62899,546,17,0
2026-08-17T09:00:00+00:00,2026-08-17,14:30:00,1786957200,1.629,1.62907,1.6282100000000002,1.6283699999999999,505,17,0
2026-08-17T09:15:00+00:00,2026-08-17,14:45:00,1786958100,1.62839,1.6289099999999999,1.62828,1.6289099999999999,378,17,0
2026-08-17T09:30:00+00:00,2026-08-17,15:00:00,1786959000,1.6289099999999999,1.6289099999999999,1.62754,1.62754,400,17,0
2026-08-17T09:45:00+00:00,2026-08-17,15:15:00,1786959900,1.62754,1.62767,1.6273499999999999,1.6273900000000001,312,17,0
2026-08-17T10:00:00+00:00,2026-08-17,15:30:00,1786960800,1.6273900000000001,1.62748,1.62711,1.6271499999999999,365,17,0
2026-08-17T10:15:00+00:00,2026-08-17,15:45:00,1786961700,1.62714,1.62741,1.62668,1.6267399999999999,369,17,0
2026-08-17T10:30:00+00:00,2026-08-17,16:00:00,1786962600,1.62677,1.62709,1.62661,1.6268099999999999,449,17,0
2026-08-17T10:45:00+00:00,2026-08-17,16:15:00,1786963500,1.62682,1.62718,1.6266500000000002,1.6267399999999999,345,17,0
2026-08-17T11:00:00+00:00,2026-08-17,16:30:00,1786964400,1.62675,1.62679,1.62635,1.62646,341,17,0
2026-08-17T11:15:00+00:00,2026-08-17,16:45:00,1786965300,1.62646,1.62653,1.62605,1.6263999999999998,357,17,0
2026-08-17T11:30:00+00:00,2026-08-17,17:00:00,1786966200,1.6263999999999998,1.627,1.6263999999999998,1.6268500000000001,375,17,0
2026-08-17T11:45:00+00:00,2026-08-17,17:15:00,1786967100,1.6268500000000001,1.627,1.6267200000000002,1.6268799999999999,371,17,0
2026-08-17T12:00:00+00:00,2026-08-17,17:30:00,1786968000,1.6268799999999999,1.62724,1.62683,1.62709,423,17,0
2026-08-17T12:15:00+00:00,2026-08-17,17:45:00,1786968900,1.6271,1.6278899999999998,1.6270099999999998,1.62764,578,17,0
2026-08-17T12:30:00+00:00,2026-08-17,18:00:00,1786969800,1.6276000000000002,1.6285699999999999,1.6274600000000001,1.62833,503,17,0
2026-08-17T12:45:00+00:00,2026-08-17,18:15:00,1786970700,1.6283400000000001,1.62872,1.62831,1.62836,449,17,0
2026-08-17T13:00:00+00:00,2026-08-17,18:30:00,1786971600,1.62833,1.6293600000000001,1.62824,1.6291,504,17,0
2026-08-17T13:15:00+00:00,2026-08-17,18:45:00,1786972500,1.6291099999999998,1.62957,1.6289500000000001,1.6295,432,17,0
2026-08-17T13:30:00+00:00,2026-08-17,19:00:00,1786973400,1.6295,1.63011,1.62926,1.6299299999999999,561,17,0
2026-08-17T13:45:00+00:00,2026-08-17,19:15:00,1786974300,1.6299299999999999,1.63011,1.62935,1.62935,534,17,0
2026-08-17T14:00:00+00:00,2026-08-17,19:30:00,1786975200,1.62938,1.62962,1.6284100000000001,1.62847,551,17,0
2026-08-17T14:15:00+00:00,2026-08-17,19:45:00,1786976100,1.62847,1.62872,1.62784,1.62817,601,17,0
2026-08-17T14:30:00+00:00,2026-08-17,20:00:00,1786977000,1.62815,1.62824,1.62752,1.62792,531,17,0
2026-08-17T14:45:00+00:00,2026-08-17,20:15:00,1786977900,1.62791,1.62947,1.62781,1.6291600000000002,786,17,0
2026-08-17T15:00:00+00:00,2026-08-17,20:30:00,1786978800,1.62914,1.6291799999999999,1.6286800000000001,1.6288399999999998,570,17,0
2026-08-17T15:15:00+00:00,2026-08-17,20:45:00,1786979700,1.62881,1.6290900000000001,1.62869,1.62883,407,17,0
2026-08-17T15:30:00+00:00,2026-08-17,21:00:00,1786980600,1.6288,1.62948,1.62874,1.6294499999999998,435,17,0
2026-08-17T15:45:00+00:00,2026-08-17,21:15:00,1786981500,1.62942,1.6296599999999999,1.62923,1.6295,386,17,0
2026-08-17T16:00:00+00:00,2026-08-17,21:30:00,1786982400,1.62948,1.6295600000000001,1.62904,1.62919,368,17,0
2026-08-17T16:15:00+00:00,2026-08-17,21:45:00,1786983300,1.6291799999999999,1.62942,1.6290499999999999,1.6290499999999999,285,17,0
2026-08-17T16:30:00+00:00,2026-08-17,22:00:00,1786984200,1.62906,1.62928,1.62899,1.62926,245,17,0
2026-08-17T16:45:00+00:00,2026-08-17,22:15:00,1786985100,1.62926,1.6293600000000001,1.6291099999999998,1.6293600000000001,267,17,0
2026-08-17T17:00:00+00:00,2026-08-17,22:30:00,1786986000,1.62935,1.62944,1.6291799999999999,1.6292,271,17,0
2026-08-17T17:15:00+00:00,2026-08-17,22:45:00,1786986900,1.62921,1.6296,1.6290900000000001,1.62947,331,17,0
2026-08-17T17:30:00+00:00,2026-08-17,23:00:00,1786987800,1.62948,1.62978,1.62944,1.62953,370,17,0
2026-08-17T17:45:00+00:00,2026-08-17,23:15:00,1786988700,1.62953,1.6296,1.62934,1.6294300000000002,270,17,0
2026-08-17T18:00:00+00:00,2026-08-17,23:30:00,1786989600,1.62946,1.6296599999999999,1.6293199999999999,1.62938,309,17,0
2026-08-17T18:15:00+00:00,2026-08-17,23:45:00,1786990500,1.62938,1.62965,1.62933,1.6294300000000002,300,17,0
2026-08-17T18:30:00+00:00,2026-08-18,00:00:00,1786991400,1.6294300000000002,1.62958,1.62934,1.6294300000000002,305,17,0
2026-08-17T18:45:00+00:00,2026-08-18,00:15:00,1786992300,1.6294300000000002,1.6295,1.62914,1.6294,293,17,0
2026-08-17T19:00:00+00:00,2026-08-18,00:30:00,1786993200,1.62942,1.62978,1.62942,1.62975,271,17,0
2026-08-17T19:15:00+00:00,2026-08-18,00:45:00,1786994100,1.62974,1.62975,1.62935,1.6294,275,17,0
2026-08-17T19:30:00+00:00,2026-08-18,01:00:00,1786995000,1.6294,1.62967,1.62939,1.62957,221,17,0
2026-08-17T19:45:00+00:00,2026-08-18,01:15:00,1786995900,1.62957,1.62976,1.6295600000000001,1.62969,205,17,0
2026-08-17T20:00:00+00:00,2026-08-18,01:30:00,1786996800,1.62967,1.6298,1.62955,1.62969,182,17,0
2026-08-17T20:15:00+00:00,2026-08-18,01:45:00,1786997700,1.62967,1.6297000000000001,1.62955,1.62964,169,17,0
2026-08-17T20:30:00+00:00,2026-08-18,02:00:00,1786998600,1.62965,1.62985,1.62961,1.6298300000000001,193,17,0
2026-08-17T20:45:00+00:00,2026-08-18,02:15:00,1786999500,1.62984,1.63002,1.62978,1.6298,178,16,0
2026-08-17T21:00:00+00:00,2026-08-18,02:30:00,1787000400,1.62981,1.62985,1.62889,1.62893,203,32,0
2026-08-17T21:15:00+00:00,2026-08-18,02:45:00,1787001300,1.6289099999999999,1.62941,1.62889,1.6292900000000001,258,90,0
2026-08-17T21:30:00+00:00,2026-08-18,03:00:00,1787002200,1.6292900000000001,1.6293600000000001,1.62913,1.62927,136,94,0
2026-08-17T21:45:00+00:00,2026-08-18,03:15:00,1787003100,1.62927,1.62941,1.6292499999999999,1.62941,109,78,0
2026-08-17T22:00:00+00:00,2026-08-18,03:30:00,1787004000,1.6294300000000002,1.6298300000000001,1.6294300000000002,1.6296599999999999,135,25,0
2026-08-17T22:15:00+00:00,2026-08-18,03:45:00,1787004900,1.6296599999999999,1.62973,1.62951,1.6295600000000001,104,25,0
2026-08-17T22:30:00+00:00,2026-08-18,04:00:00,1787005800,1.6295600000000001,1.6296,1.62933,1.6293600000000001,100,25,0
2026-08-17T22:45:00+00:00,2026-08-18,04:15:00,1787006700,1.6293600000000001,1.6295199999999999,1.6293199999999999,1.6293199999999999,102,25,0
2026-08-17T23:00:00+00:00,2026-08-18,04:30:00,1787007600,1.6293600000000001,1.62953,1.62933,1.62939,98,17,0
2026-08-17T23:15:00+00:00,2026-08-18,04:45:00,1787008500,1.62939,1.62954,1.62935,1.62939,113,17,0
2026-08-17T23:30:00+00:00,2026-08-18,05:00:00,1787009400,1.62942,1.6296,1.62933,1.6296,148,17,0
2026-08-17T23:45:00+00:00,2026-08-18,05:15:00,1787010300,1.6296,1.6296300000000001,1.62935,1.62938,168,17,0
2026-08-18T00:00:00+00:00,2026-08-18,05:30:00,1787011200,1.62937,1.62957,1.6292200000000001,1.6292900000000001,341,17,0
2026-08-18T00:15:00+00:00,2026-08-18,05:45:00,1787012100,1.62928,1.62937,1.62887,1.6291099999999998,276,17,0
2026-08-18T00:30:00+00:00,2026-08-18,06:00:00,1787013000,1.6291,1.62915,1.6286,1.6286,299,17,0
2026-08-18T00:45:00+00:00,2026-08-18,06:15:00,1787013900,1.6286,1.62919,1.62859,1.62914,327,17,0
2026-08-18T01:00:00+00:00,2026-08-18,06:30:00,1787014800,1.62914,1.62921,1.6286,1.6286100000000001,409,17,0
2026-08-18T01:15:00+00:00,2026-08-18,06:45:00,1787015700,1.6286100000000001,1.62899,1.62849,1.62888,343,17,0
2026-08-18T01:30:00+00:00,2026-08-18,07:00:00,1787016600,1.62888,1.6290499999999999,1.6286399999999999,1.62904,264,17,0
2026-08-18T01:45:00+00:00,2026-08-18,07:15:00,1787017500,1.62907,1.62928,1.62896,1.62924,396,17,0
2026-08-18T02:00:00+00:00,2026-08-18,07:30:00,1787018400,1.6292499999999999,1.62933,1.62896,1.6292200000000001,356,17,0
2026-08-18T02:15:00+00:00,2026-08-18,07:45:00,1787019300,1.62921,1.62924,1.62874,1.6288200000000002,324,17,0
2026-08-18T02:30:00+00:00,2026-08-18,08:00:00,1787020200,1.6288399999999998,1.6289,1.62829,1.6284999999999998,276,17,0
2026-08-18T02:45:00+00:00,2026-08-18,08:15:00,1787021100,1.62849,1.62853,1.62817,1.62838,271,17,0
2026-08-18T03:00:00+00:00,2026-08-18,08:30:00,1787022000,1.62838,1.6284999999999998,1.6282299999999998,1.6282999999999999,270,17,0
2026-08-18T03:15:00+00:00,2026-08-18,08:45:00,1787022900,1.62829,1.62886,1.62825,1.62885,261,17,0
2026-08-18T03:30:00+00:00,2026-08-18,09:00:00,1787023800,1.62885,1.62926,1.62872,1.62921,346,17,0
2026-08-18T03:45:00+00:00,2026-08-18,09:15:00,1787024700,1.62921,1.62948,1.62915,1.62934,266,17,0
2026-08-18T04:00:00+00:00,2026-08-18,09:30:00,1787025600,1.62933,1.6294,1.62904,1.6291099999999998,299,17,0
2026-08-18T04:15:00+00:00,2026-08-18,09:45:00,1787026500,1.6291099999999998,1.6296,1.6291,1.6294,326,17,0
2026-08-18T04:30:00+00:00,2026-08-18,10:00:00,1787027400,1.6294,1.62953,1.6293,1.62946,186,17,0
2026-08-18T04:45:00+00:00,2026-08-18,10:15:00,1787028300,1.62946,1.6299299999999999,1.62946,1.6296599999999999,223,17,0
2026-08-18T05:00:00+00:00,2026-08-18,10:30:00,1787029200,1.6296599999999999,1.63043,1.6296599999999999,1.63035,260,17,0
2026-08-18T05:15:00+00:00,2026-08-18,10:45:00,1787030100,1.63035,1.63046,1.62994,1.63046,267,17,0
2026-08-18T05:30:00+00:00,2026-08-18,11:00:00,1787031000,1.63048,1.6305,1.63,1.6301700000000001,255,17,0
2026-08-18T05:45:00+00:00,2026-08-18,11:15:00,1787031900,1.6301700000000001,1.63021,1.62967,1.62981,289,17,0
2026-08-18T06:00:00+00:00,2026-08-18,11:30:00,1787032800,1.62984,1.63019,1.62947,1.62948,527,17,0
2026-08-18T06:15:00+00:00,2026-08-18,11:45:00,1787033700,1.62948,1.63039,1.62948,1.6301700000000001,391,17,0
2026-08-18T06:30:00+00:00,2026-08-18,12:00:00,1787034600,1.63016,1.63016,1.62941,1.6299000000000001,438,17,0
2026-08-18T06:45:00+00:00,2026-08-18,12:15:00,1787035500,1.62992,1.6304400000000001,1.62967,1.62967,423,17,0
2026-08-18T07:00:00+00:00,2026-08-18,12:30:00,1787036400,1.62965,1.6298,1.62928,1.62947,496,17,0
2026-08-18T07:15:00+00:00,2026-08-18,12:45:00,1787037300,1.62947,1.6299299999999999,1.62933,1.6297199999999998,441,17,0
2026-08-18T07:30:00+00:00,2026-08-18,13:00:00,1787038200,1.6297199999999998,1.63012,1.62951,1.6295199999999999,418,17,0
2026-08-18T07:45:00+00:00,2026-08-18,13:15:00,1787039100,1.6295199999999999,1.62965,1.62933,1.62947,318,17,0
2026-08-18T08:00:00+00:00,2026-08-18,13:30:00,1787040000,1.62944,1.62971,1.62901,1.6291,480,17,0
2026-08-18T08:15:00+00:00,2026-08-18,13:45:00,1787040900,1.6291099999999998,1.62958,1.629,1.6293199999999999,330,17,0
2026-08-18T08:30:00+00:00,2026-08-18,14:00:00,1787041800,1.6293199999999999,1.6295,1.62914,1.62915,284,17,0
2026-08-18T08:45:00+00:00,2026-08-18,14:15:00,1787042700,1.62915,1.6299000000000001,1.62915,1.62954,305,17,0
2026-08-18T09:00:00+00:00,2026-08-18,14:30:00,1787043600,1.62955,1.62961,1.6293600000000001,1.62949,334,17,0
2026-08-18T09:15:00+00:00,2026-08-18,14:45:00,1787044500,1.6295,1.62974,1.62906,1.6291,339,17,0
2026-08-18T09:30:00+00:00,2026-08-18,15:00:00,1787045400,1.6291,1.6293,1.6286800000000001,1.6291,398,17,0
2026-08-18T09:45:00+00:00,2026-08-18,15:15:00,1787046300,1.6291,1.62912,1.6284100000000001,1.6287,323,17,0
