position_id,symbol,direction,model,result,exit_reason,signal_id,entry_utc,entry_ist,exit_utc,hour_utc,weekday,lots,entry_price,initial_stop,broker_target,risk_price,risk_points,realized_money,loss_at_sl_money,stop_basis,entry_zone_id,destination_zone_id,destination_rr,spread_at_signal_points,spread_pct_of_risk,round_trip_cost_r,stop_multiple_vs_structural,used_liquidity_pool_stop,minutes_held,realized_r_money_est,realized_r,exit_legs,closed_fraction,destination_confirmed_utc,zone_confirmed_utc,destination_age_hours,zone_age_hours,alert_to_confirm_minutes,zone_width_r,zone_width_points,entry_beyond_proximal_r,stop_pad_beyond_distal_r,campaign_zones_all,campaign_extreme_zone_id,entry_zone_is_extreme_all,entry_zone_extreme_rank,r_from_extreme_zone,extreme_zone_confirmed_utc,live_partial_banked,live_partial_events,live_stop_moves_ok,live_final_stop_r,live_stop_went_positive,live_peak_r_journal,live_stop_clamped_by_broker,entry_bar_open_utc,entry_bar_partial,mfe_r,mae_r,minutes_to_peak,bars_in_window,reached_partial_1_25r,reached_first_trail_1_5r,reached_1r,reached_0_5r,scn_live_ladder_sim_r,scn_live_ladder_sim_reason,scn_fixed_0_75r_r,scn_fixed_0_75r_reason,scn_fixed_1r_r,scn_fixed_1r_reason,scn_fixed_1_25r_r,scn_fixed_1_25r_reason,scn_fixed_2r_r,scn_fixed_2r_reason,scn_destination_only_r,scn_destination_only_reason,scn_partial_1r_then_be_r,scn_partial_1r_then_be_reason,scn_no_partial_trail_from_1_5r_r,scn_no_partial_trail_from_1_5r_reason,scn_be_at_0_75r_then_dest_r,scn_be_at_0_75r_then_dest_reason,scn_be_at_1r_then_dest_r,scn_be_at_1r_then_dest_reason,scn_be_at_1r_target_2r_r,scn_be_at_1r_target_2r_reason,outcome_class
2182526932,USDCAD,long,aggressive_liquidation,Loss,stop_loss,776697cd5ed29270,2026-08-18T22:00:23.219000+00:00,2026-08-19T03:30:23.219000+05:30,2026-08-19T02:16:04.671000+00:00,22,Tue,0.19,1.38964,1.3884400000000001,1.39479,0.0012,120.0,-1727.81,1365.03,15m_zone_distal_plus_buffer,15m-1787067000-1-f30153,4h-1786593600--1-33ac3d,5.69,16.0,16.86,0.3372,1.0,False,255.7,-1.266,-1.0,1,1.0,2026-08-14T08:00:00+00:00,2026-08-18T16:30:00+00:00,110.0,5.5,20.0,0.475,57.0,0.467,0.058,13,15m-1786975200-1-383042,False,12,3.267,2026-08-17T15:00:00+00:00,False,0,0,,False,,False,2026-08-18T22:00:00+00:00,True,0.908,-2.092,195.0,52,False,False,False,True,-1.0,stop_loss,0.75,take_profit,-1.0,stop_loss,-1.0,stop_loss,-1.0,stop_loss,-1.0,stop_loss,-1.0,stop_loss,-1.0,stop_loss,0.0,trail_stop,-1.0,stop_loss,-1.0,stop_loss,ran_then_reverted_before_partial
2182576578,GBPUSD,short,aggressive_liquidation,Loss,stop_loss,6ba4fbc6c78a27e3,2026-08-18T22:15:19.223000+00:00,2026-08-19T03:45:19.223000+05:30,2026-08-18T22:37:25.491000+00:00,22,Tue,0.14,1.35312,1.35337,1.34952,0.00025,25.0,-368.19,509.14,swept_wick_plus_buffer,15m-1787088600--1-633f21,4h-1786636800-1-9bd316,10.14,10.0,28.96,0.5792,1.0,False,22.1,-0.723,-1.0,1,1.0,2026-08-14T12:00:00+00:00,2026-08-18T22:00:00+00:00,106.25,0.25,0.0,0.44,11.0,-0.44,1.0,12,15m-1786984200--1-c4c630,False,10,12.12,2026-08-17T17:45:00+00:00,False,0,0,,False,,False,2026-08-18T22:15:00+00:00,True,-0.08,-0.92,15.0,5,False,False,False,False,-1.0,stop_loss,-1.0,stop_loss,-1.0,stop_loss,-1.0,stop_loss,-1.0,stop_loss,-1.0,stop_loss,-1.0,stop_loss,-1.0,stop_loss,-1.0,stop_loss,-1.0,stop_loss,-1.0,stop_loss,stopped_never_our_way
2182576747,AUDUSD,short,aggressive_liquidation,Profit,stop_loss,c7bbdb80b254b9be,2026-08-18T22:15:24.395000+00:00,2026-08-19T03:45:24.395000+05:30,2026-08-19T00:00:01.539000+00:00,22,Tue,0.27,0.70845,0.7087,0.70631,0.00025,25.0,796.71,883.63,liquidity_pool_plus_buffer,15m-1787085900--1-204991,4h-1786665600-1-c64153,6.67,9.0,28.95,0.579,1.0,True,104.6,0.902,1.154,2,1.0,2026-08-14T08:00:00+00:00,2026-08-18T21:30:00+00:00,110.25,0.75,10.0,0.68,17.0,-0.24,0.56,14,15m-1786967100--1-d20b3e,False,13,15.56,2026-08-17T12:30:00+00:00,True,1,2,1.0,True,1.508,False,2026-08-18T22:15:00+00:00,True,2.32,-0.76,105.0,22,True,True,True,True,1.125,trail_stop,0.75,take_profit,1.0,take_profit,1.25,take_profit,2.0,take_profit,-1.0,stop_loss,1.0,trail_stop,1.0,trail_stop,1.0,trail_stop,1.0,trail_stop,2.0,take_profit,trailed_winner
2182685523,GBPNZD,short,aggressive_liquidation,Loss,stop_loss,e5116b9b7f4177fb,2026-08-18T22:50:28.818000+00:00,2026-08-19T04:20:28.818000+05:30,2026-08-18T23:33:34.390000+00:00,22,Tue,0.14,2.30246,2.3045,2.29499,0.00204,204.0,-1764.63,1865.46,liquidity_pool_plus_buffer,15m-1787085000--1-8e5430,4h-1786982400-1-501384,3.41,58.0,26.91,0.5382,1.0,True,43.1,-0.946,-1.0,1,1.0,2026-08-18T04:00:00+00:00,2026-08-18T21:00:00+00:00,18.83,1.83,45.0,0.181,37.0,0.745,0.074,3,15m-1787085000--1-8e5430,True,1,0.0,2026-08-18T21:00:00+00:00,False,0,0,,False,,False,2026-08-18T22:50:00+00:00,True,-0.275,-1.074,0.0,9,False,False,False,False,-1.0,stop_loss,-1.0,stop_loss,-1.0,stop_loss,-1.0,stop_loss,-1.0,stop_loss,-1.0,stop_loss,-1.0,stop_loss,-1.0,stop_loss,-1.0,stop_loss,-1.0,stop_loss,-1.0,stop_loss,stopped_never_our_way
2182707037,EURUSD,short,aggressive_liquidation,Loss,stop_loss,0365eb1af2975c50,2026-08-18T23:00:22.837000+00:00,2026-08-19T04:30:22.837000+05:30,2026-08-19T00:07:12.082000+00:00,23,Tue,0.16,1.15762,1.1581,1.15305,0.00048,48.0,-807.97,953.1,liquidity_pool_plus_buffer,15m-1787081400--1-ea0fc1,4h-1786636800-1-5e303b,7.92,8.0,14.14,0.2828,1.0,True,66.8,-0.848,-1.0,1,1.0,2026-08-14T08:00:00+00:00,2026-08-18T20:15:00+00:00,111.0,2.75,5.0,0.896,43.0,-0.021,0.125,14,15m-1786954500--1-934b2b,False,11,6.208,2026-08-17T09:00:00+00:00,False,0,0,,False,,False,2026-08-18T23:00:00+00:00,True,0.542,-1.083,35.0,14,False,False,False,True,-1.0,stop_loss,-1.0,stop_loss,-1.0,stop_loss,-1.0,stop_loss,-1.0,stop_loss,-1.0,stop_loss,-1.0,stop_loss,-1.0,stop_loss,-1.0,stop_loss,-1.0,stop_loss,-1.0,stop_loss,ran_then_reverted_before_partial
2182892317,NZDCAD,long,aggressive_liquidation,Loss,stop_loss,4b5bc5ffc5abf299,2026-08-19T00:00:24.204000+00:00,2026-08-19T05:30:24.204000+05:30,2026-08-19T00:26:10.147000+00:00,0,Wed,0.32,0.81626,0.81555,0.81894,0.00071,71.0,-1720.27,1505.45,liquidity_pool_plus_buffer,15m-1787089500-1-ef232f,4h-1786996800--1-008e4b,4.46,18.0,28.96,0.5792,1.0,True,25.8,-1.143,-1.0,1,1.0,2026-08-18T08:00:00+00:00,2026-08-18T22:30:00+00:00,16.0,1.5,0.0,0.592,42.0,0.352,0.056,3,15m-1787043600-1-2b80d9,False,3,1.437,2026-08-18T09:45:00+00:00,False,0,0,,False,,False,2026-08-19T00:00:00+00:00,True,-0.085,-1.056,5.0,6,False,False,False,False,-1.0,stop_loss,-1.0,stop_loss,-1.0,stop_loss,-1.0,stop_loss,-1.0,stop_loss,-1.0,stop_loss,-1.0,stop_loss,-1.0,stop_loss,-1.0,stop_loss,-1.0,stop_loss,-1.0,stop_loss,stopped_never_our_way
2185775167,GBPJPY,long,aggressive_liquidation,Loss,stop_loss,5740bc93081f18da,2026-08-19T09:50:23.805000+00:00,2026-08-19T15:20:23.805000+05:30,2026-08-19T12:22:33.667000+00:00,9,Wed,0.14,215.729,215.63,216.013,0.099,99.0,-913.7,910.48,liquidity_pool_plus_buffer,15m-1787127300-1-8cfb2d,4h-1787054400--1-469a82,2.88,21.0,21.31,0.4261,1.0,True,152.2,-1.004,-1.0,1,1.0,2026-08-19T08:00:00+00:00,2026-08-19T09:15:00+00:00,1.83,0.58,25.0,1.111,110.0,-0.444,0.333,1,15m-1787127300-1-8cfb2d,True,1,0.0,2026-08-19T09:15:00+00:00,False,0,0,,False,,False,2026-08-19T09:50:00+00:00,True,0.313,-1.657,50.0,31,False,False,False,False,-1.0,stop_loss,-1.0,stop_loss,-1.0,stop_loss,-1.0,stop_loss,-1.0,stop_loss,-1.0,stop_loss,-1.0,stop_loss,-1.0,stop_loss,-1.0,stop_loss,-1.0,stop_loss,-1.0,stop_loss,ran_then_reverted_before_partial
2185883123,AUDJPY,long,aggressive_liquidation,Loss,stop_loss,dbd2c2bafc59e5ad,2026-08-19T10:10:22.561000+00:00,2026-08-19T15:40:22.561000+05:30,2026-08-19T10:23:19.365000+00:00,10,Wed,0.26,112.595,112.552,113.438,0.043,43.0,-738.07,964.75,liquidity_pool_plus_buffer,15m-1787128200-1-f6600a,4h-1787040000--1-012ee8,14.74,11.0,19.55,0.3911,1.0,True,12.9,-0.765,-1.0,1,1.0,2026-08-18T20:00:00+00:00,2026-08-19T09:00:00+00:00,14.17,1.17,5.0,1.0,43.0,-0.488,0.488,1,15m-1787128200-1-f6600a,True,1,0.0,2026-08-19T09:00:00+00:00,False,0,0,,False,,False,2026-08-19T10:10:00+00:00,True,0.279,-1.0,5.0,3,False,False,False,False,-1.0,stop_loss,-1.0,stop_loss,-1.0,stop_loss,-1.0,stop_loss,-1.0,stop_loss,-1.0,stop_loss,-1.0,stop_loss,-1.0,stop_loss,-1.0,stop_loss,-1.0,stop_loss,-1.0,stop_loss,ran_then_reverted_before_partial
2186230352,XAUUSD,long,conservative_mss,Loss,stop_loss,6cedfc8cda7e1121,2026-08-19T11:10:17.746000+00:00,2026-08-19T16:40:17.746000+05:30,2026-08-19T11:41:31.063000+00:00,11,Wed,0.04,4372.33,4365.485,4395.566,6.845,6845.0,-2872.19,3541.66,liquidity_pool_plus_buffer,15m-1787135400-1-07b3da,4h-1787040000--1-f6c62d,2.57,260.0,3.08,0.0616,1.0,True,31.2,-0.811,-1.0,1,1.0,2026-08-18T16:00:00+00:00,2026-08-19T11:00:00+00:00,19.17,0.17,5.0,0.431,2951.0,0.537,0.032,6,15m-1787095800-1-b8d290,False,6,5.549,2026-08-19T00:15:00+00:00,False,0,0,,False,,False,2026-08-19T11:10:00+00:00,True,0.265,-1.349,0.0,7,False,False,False,False,-1.0,stop_loss,-1.0,stop_loss,-1.0,stop_loss,-1.0,stop_loss,-1.0,stop_loss,-1.0,stop_loss,-1.0,stop_loss,-1.0,stop_loss,-1.0,stop_loss,-1.0,stop_loss,-1.0,stop_loss,ran_then_reverted_before_partial
2186496691,AUDUSD,long,aggressive_liquidation,Profit,stop_loss,d320ac37ca126ff3,2026-08-19T11:50:18.275000+00:00,2026-08-19T17:20:18.275000+05:30,2026-08-19T12:41:49.305000+00:00,11,Wed,0.26,0.70748,0.70684,0.71019,0.00064,64.0,3285.93,1774.6,liquidity_pool_plus_buffer,15m-1787124600-1-274d9f,4h-1787040000--1-5afc27,4.14,9.0,13.83,0.2766,1.0,True,51.5,1.852,1.938,2,1.0,2026-08-18T16:00:00+00:00,2026-08-19T08:15:00+00:00,19.83,3.58,5.0,0.156,10.0,0.766,0.078,2,15m-1787119200-1-796be9,False,2,0.203,2026-08-19T06:30:00+00:00,True,1,5,2.5,True,3.211,False,2026-08-19T11:50:00+00:00,True,3.344,-0.469,45.0,11,True,True,True,True,1.875,trail_stop,0.75,take_profit,1.0,take_profit,1.25,take_profit,2.0,take_profit,4.234,take_profit,1.75,trail_stop,2.5,trail_stop,2.5,trail_stop,2.5,trail_stop,2.0,take_profit,trailed_winner
2186497247,NZDUSD,long,aggressive_liquidation,Profit,stop_loss,4043b45ac07a4f26,2026-08-19T11:50:22.878000+00:00,2026-08-19T17:20:22.878000+05:30,2026-08-19T12:47:17.394000+00:00,11,Wed,0.32,0.588,0.58743,0.59032,0.00057,57.0,4157.98,1841.73,liquidity_pool_plus_buffer,15m-1787129100-1-44fa3d,4h-1786996800--1-4aeb25,4.27,14.0,25.51,0.5102,1.0,True,56.9,2.258,2.237,2,1.0,2026-08-18T08:00:00+00:00,2026-08-19T09:30:00+00:00,27.83,2.33,5.0,0.351,20.0,0.544,0.105,5,15m-1787117400-1-effd10,False,3,1.193,2026-08-19T06:30:00+00:00,True,1,6,3.0,True,3.548,False,2026-08-19T11:50:00+00:00,True,3.789,-0.579,55.0,12,True,True,True,True,2.125,trail_stop,0.75,take_profit,1.0,take_profit,1.25,take_profit,2.0,take_profit,4.07,take_profit,2.0,trail_stop,3.0,trail_stop,3.0,trail_stop,3.0,trail_stop,2.0,take_profit,trailed_winner
2186498159,AUDCAD,long,aggressive_liquidation,Profit,take_profit,ece24648b9b50ebc,2026-08-19T11:50:29.740000+00:00,2026-08-19T17:20:29.740000+05:30,2026-08-19T13:10:40.575000+00:00,11,Wed,0.26,0.98158,0.98082,0.98472,0.00076,76.0,4064.8,1422.01,liquidity_pool_plus_buffer,15m-1787124600-1-dfed8f,4h-1787040000--1-71f224,4.4,18.0,24.89,0.4978,1.0,True,80.2,2.858,2.796,2,1.0,2026-08-19T00:00:00+00:00,2026-08-19T08:30:00+00:00,11.83,3.33,5.0,0.25,19.0,0.671,0.079,2,15m-1787124600-1-dfed8f,True,1,0.0,2026-08-19T08:30:00+00:00,True,1,6,3.0,True,3.56,False,2026-08-19T11:50:00+00:00,True,4.921,-0.553,80.0,17,True,True,True,True,2.691,take_profit,0.75,take_profit,1.0,take_profit,1.25,take_profit,2.0,take_profit,4.132,take_profit,2.566,take_profit,4.132,take_profit,4.132,take_profit,4.132,take_profit,2.0,take_profit,target_hit
2186626231,XAUUSD,long,aggressive_liquidation,Profit,take_profit,98f1ea39eb8d3bbd,2026-08-19T12:10:26.920000+00:00,2026-08-19T17:40:26.920000+05:30,2026-08-19T12:36:41.989000+00:00,12,Wed,0.04,4367.023,4354.427,4395.566,12.596,12596.0,9072.16,5819.22,liquidity_pool_plus_buffer,15m-1787129100-1-d0cf65,4h-1787040000--1-f6c62d,1.96,260.0,1.87,0.0375,1.0,True,26.3,1.559,1.767,2,1.0,2026-08-18T16:00:00+00:00,2026-08-19T10:15:00+00:00,20.17,1.92,5.0,0.614,7737.0,0.368,0.017,7,15m-1787095800-1-b8d290,False,5,2.518,2026-08-19T00:15:00+00:00,True,1,3,1.5,True,2.042,False,2026-08-19T12:10:00+00:00,True,3.955,-0.096,25.0,6,True,True,True,True,1.758,take_profit,0.75,take_profit,1.0,take_profit,1.25,take_profit,2.0,take_profit,2.266,take_profit,1.633,take_profit,2.266,take_profit,2.266,take_profit,2.266,take_profit,2.0,take_profit,target_hit
2186868252,NZDJPY,short,aggressive_liquidation,Loss,stop_loss,2ed0964ecc86819c,2026-08-19T12:35:29.198000+00:00,2026-08-19T18:05:29.198000+05:30,2026-08-19T12:35:56.587000+00:00,12,Wed,0.33,93.574,93.604,93.321,0.03,30.0,-653.14,2032.24,liquidity_pool_plus_buffer,15m-1787137200--1-273a66,4h-1786651200-1-0ea28e,2.03,14.0,15.0,0.2999,1.0,True,0.5,-0.321,-1.0,1,1.0,2026-08-14T16:00:00+00:00,2026-08-19T11:45:00+00:00,116.58,0.83,15.0,0.833,25.0,-0.167,0.333,19,15m-1786963500--1-ea44f5,False,17,22.8,2026-08-17T11:45:00+00:00,False,0,0,,False,,False,2026-08-19T12:35:00+00:00,True,8.267,-1.2,0.0,1,True,True,True,True,-1.0,stop_loss,-1.0,stop_loss,-1.0,stop_loss,-1.0,stop_loss,-1.0,stop_loss,-1.0,stop_loss,-1.0,stop_loss,-1.0,stop_loss,-1.0,stop_loss,-1.0,stop_loss,-1.0,stop_loss,ran_past_partial_then_lost
2187624002,NZDCHF,long,aggressive_liquidation,Loss,stop_loss,24fd3bb6632c39a4,2026-08-19T13:05:26.311000+00:00,2026-08-19T18:35:26.311000+05:30,2026-08-19T13:50:01.283000+00:00,13,Wed,0.32,0.47656,0.47572,0.47861,0.00084,84.0,-3504.05,2607.34,liquidity_pool_plus_buffer,15m-1787123700-1-755d38,4h-1786996800--1-749bf5,3.61,14.0,22.31,0.4461,1.0,True,44.6,-1.344,-1.0,1,1.0,2026-08-18T04:00:00+00:00,2026-08-19T08:30:00+00:00,33.08,4.58,15.0,0.25,21.0,0.619,0.131,5,15m-1787123700-1-755d38,True,1,0.0,2026-08-19T08:30:00+00:00,False,0,0,,False,,False,2026-08-19T13:05:00+00:00,True,0.107,-1.536,0.0,10,False,False,False,False,-1.0,stop_loss,-1.0,stop_loss,-1.0,stop_loss,-1.0,stop_loss,-1.0,stop_loss,-1.0,stop_loss,-1.0,stop_loss,-1.0,stop_loss,-1.0,stop_loss,-1.0,stop_loss,-1.0,stop_loss,stopped_never_our_way
2190881806,NZDUSD,short,aggressive_liquidation,Loss,stop_loss,40144eac5d8d6367,2026-08-19T18:10:29.638000+00:00,2026-08-19T23:40:29.638000+05:30,2026-08-19T18:41:14.279000+00:00,18,Wed,0.32,0.59307,0.5936,0.58709,0.00053,53.0,-1779.77,2650.68,liquidity_pool_plus_buffer,15m-1787157900--1-7a7a50,4h-1787112000-1-1d53f2,7.25,14.0,17.74,0.3547,1.0,True,30.7,-0.671,-1.0,1,1.0,2026-08-19T16:00:00+00:00,2026-08-19T18:00:00+00:00,2.17,0.17,0.0,0.509,27.0,0.17,0.321,1,15m-1787157900--1-7a7a50,True,1,0.0,2026-08-19T18:00:00+00:00,False,0,0,,False,,False,2026-08-19T18:10:00+00:00,True,0.642,-1.038,15.0,7,False,False,False,True,-1.0,stop_loss,-1.0,stop_loss,-1.0,stop_loss,-1.0,stop_loss,-1.0,stop_loss,-1.0,stop_loss,-1.0,stop_loss,-1.0,stop_loss,-1.0,stop_loss,-1.0,stop_loss,-1.0,stop_loss,ran_then_reverted_before_partial
2191535017,AUDUSD,short,aggressive_liquidation,Loss,stop_loss,24dc5a14246f3611,2026-08-19T19:15:28.107000+00:00,2026-08-20T00:45:28.107000+05:30,2026-08-19T19:26:05.217000+00:00,19,Wed,0.27,0.71232,0.71257,0.70723,0.00025,25.0,-708.35,1094.52,liquidity_pool_plus_buffer,15m-1787157000--1-010154,4h-1787112000-1-32911d,12.83,9.0,23.3,0.466,1.0,True,10.6,-0.647,-1.0,1,1.0,2026-08-19T16:00:00+00:00,2026-08-19T17:45:00+00:00,3.25,1.5,15.0,0.64,16.0,0.0,0.36,1,15m-1787157000--1-010154,True,1,0.0,2026-08-19T17:45:00+00:00,False,0,0,,False,,False,2026-08-19T19:15:00+00:00,True,0.08,-1.4,0.0,3,False,False,False,False,-1.0,stop_loss,-1.0,stop_loss,-1.0,stop_loss,-1.0,stop_loss,-1.0,stop_loss,-1.0,stop_loss,-1.0,stop_loss,-1.0,stop_loss,-1.0,stop_loss,-1.0,stop_loss,-1.0,stop_loss,stopped_never_our_way
2191680635,GBPUSD,short,aggressive_liquidation,Loss,stop_loss,9d28818c25275f67,2026-08-19T19:35:29.533000+00:00,2026-08-20T01:05:29.533000+05:30,2026-08-20T04:08:58.059000+00:00,19,Wed,0.14,1.36089,1.36158,1.35551,0.00069,69.0,-1013.78,1154.34,liquidity_pool_plus_buffer,15m-1787157900--1-22c20f,4h-1787126400-1-8b5848,6.72,10.0,12.72,0.2544,1.0,True,513.5,-0.878,-1.0,1,1.0,2026-08-19T16:00:00+00:00,2026-08-19T17:30:00+00:00,3.58,2.08,35.0,0.87,60.0,0.029,0.101,1,15m-1787157900--1-22c20f,True,1,0.0,2026-08-19T17:30:00+00:00,False,0,0,,False,,False,2026-08-19T19:35:00+00:00,True,2.0,-1.043,330.0,102,True,True,True,True,1.375,trail_stop,0.75,take_profit,1.0,take_profit,1.25,take_profit,-1.0,stop_loss,-1.0,stop_loss,1.25,trail_stop,1.5,trail_stop,0.0,trail_stop,1.5,trail_stop,0.0,trail_stop,ran_past_partial_then_lost
2192174615,NZDCAD,short,aggressive_liquidation,Loss,stop_loss,70c301b9fcf3891f,2026-08-19T22:00:16.913000+00:00,2026-08-20T03:30:16.913000+05:30,2026-08-19T22:00:37.364000+00:00,22,Wed,0.32,0.81923,0.81954,0.81503,0.00031,31.0,-753.93,3227.21,liquidity_pool_plus_buffer,15m-1787170500--1-025ebc,4h-1787112000-1-e828f9,2.4,17.0,12.81,0.2562,1.0,True,0.3,-0.234,-1.0,1,1.0,2026-08-19T16:00:00+00:00,2026-08-19T21:30:00+00:00,6.0,0.5,0.0,0.613,19.0,-0.032,0.419,2,15m-1787170500--1-025ebc,True,1,0.0,2026-08-19T21:30:00+00:00,False,0,0,,False,,False,2026-08-19T22:00:00+00:00,True,2.129,-0.806,0.0,1,True,True,True,True,1.375,trail_stop,0.75,take_profit,1.0,take_profit,1.25,take_profit,2.0,take_profit,-1.0,stop_loss,1.25,trail_stop,1.5,trail_stop,1.5,trail_stop,1.5,trail_stop,2.0,take_profit,ran_past_partial_then_lost
2192275158,AUDJPY,long,aggressive_liquidation,Profit,stop_loss,88faec39b66e3483,2026-08-19T22:10:26.922000+00:00,2026-08-20T03:40:26.922000+05:30,2026-08-20T09:19:11.942000+00:00,22,Wed,0.26,112.639,112.219,113.438,0.42,420.0,3349.52,6804.91,15m_zone_distal_plus_buffer,15m-1787142600-1-56608f,4h-1787040000--1-012ee8,2.09,39.0,9.89,0.1978,1.0,False,668.8,0.492,0.476,1,1.0,2026-08-18T20:00:00+00:00,2026-08-19T13:15:00+00:00,26.17,8.92,5.0,0.893,375.0,0.093,0.014,3,15m-1787142600-1-56608f,True,1,0.0,2026-08-19T13:15:00+00:00,False,0,0,,False,,False,2026-08-19T22:10:00+00:00,True,0.748,-0.29,630.0,134,False,False,False,True,1.576,take_profit,0.75,take_profit,1.0,take_profit,1.25,take_profit,2.0,take_profit,1.902,take_profit,1.451,take_profit,1.902,take_profit,1.902,take_profit,1.902,take_profit,2.0,take_profit,partial_winner
2192325997,EURCAD,short,aggressive_liquidation,Profit,stop_loss,344a0b83d10bc4fc,2026-08-19T22:30:30.176000+00:00,2026-08-20T04:00:30.176000+05:30,2026-08-20T09:03:15.417000+00:00,22,Wed,0.16,1.61221,1.61276,1.60888,0.00055,55.0,1386.09,791.98,liquidity_pool_plus_buffer,15m-1787171400--1-f1c6e7,4h-1787097600-1-bd309c,4.96,15.0,23.03,0.4607,1.0,True,632.8,1.75,2.127,2,1.0,2026-08-19T16:00:00+00:00,2026-08-19T21:30:00+00:00,6.5,1.0,25.0,0.273,15.0,0.4,0.327,2,15m-1787171400--1-f1c6e7,True,1,0.0,2026-08-19T21:30:00+00:00,True,1,2,2.0,True,2.543,False,2026-08-19T22:30:00+00:00,True,4.145,-0.309,600.0,127,True,True,True,True,0.625,trail_stop,0.75,take_profit,1.0,take_profit,1.25,take_profit,2.0,take_profit,6.055,take_profit,0.5,trail_stop,1.0,trail_stop,0.0,trail_stop,0.0,trail_stop,0.0,trail_stop,trailed_winner
2195235020,USDCHF,long,aggressive_liquidation,Loss,stop_loss,364b45525ea82ed0,2026-08-20T09:05:21.578000+00:00,2026-08-20T14:35:21.578000+05:30,2026-08-20T09:10:17.184000+00:00,9,Thu,0.19,0.79789,0.79707,0.81207,0.00082,82.0,-2054.03,2127.37,15m_zone_distal_plus_buffer,15m-1787184000-1-686a96,4h-1787068800--1-e75c98,16.65,13.0,15.3,0.306,1.0,False,4.9,-0.966,-1.0,1,1.0,2026-08-19T16:00:00+00:00,2026-08-20T00:30:00+00:00,17.08,8.58,20.0,0.768,63.0,0.183,0.049,3,15m-1787176800-1-b3d831,False,2,0.512,2026-08-19T23:00:00+00:00,False,0,0,,False,,False,2026-08-20T09:05:00+00:00,True,-0.049,-2.439,0.0,2,False,False,False,False,-1.0,stop_loss,-1.0,stop_loss,-1.0,stop_loss,-1.0,stop_loss,-1.0,stop_loss,-1.0,stop_loss,-1.0,stop_loss,-1.0,stop_loss,-1.0,stop_loss,-1.0,stop_loss,-1.0,stop_loss,stopped_never_our_way
2195369450,AUDJPY,long,aggressive_liquidation,Loss,stop_loss,dc729b8b48b40921,2026-08-20T09:30:25.271000+00:00,2026-08-20T15:00:25.271000+05:30,2026-08-20T11:57:05.760000+00:00,9,Thu,0.26,112.878,112.802,113.438,0.076,76.0,-1307.53,1317.14,liquidity_pool_plus_buffer,15m-1787211000-1-045ebe,4h-1787040000--1-012ee8,7.33,11.0,14.42,0.2884,1.0,True,146.7,-0.993,-1.0,1,1.0,2026-08-18T20:00:00+00:00,2026-08-20T08:45:00+00:00,37.5,0.75,10.0,0.461,35.0,0.158,0.382,8,15m-1787142600-1-56608f,False,8,3.5,2026-08-19T13:15:00+00:00,False,0,0,,False,,False,2026-08-20T09:30:00+00:00,True,0.763,-1.25,95.0,30,False,False,False,True,-1.0,stop_loss,0.75,take_profit,-1.0,stop_loss,-1.0,stop_loss,-1.0,stop_loss,-1.0,stop_loss,-1.0,stop_loss,-1.0,stop_loss,0.0,trail_stop,-1.0,stop_loss,-1.0,stop_loss,ran_then_reverted_before_partial
2195935435,GBPAUD,short,aggressive_liquidation,Loss,stop_loss,9c0cdcb695944fe0,2026-08-20T11:05:27.117000+00:00,2026-08-20T16:35:27.117000+05:30,2026-08-20T11:09:15.645000+00:00,11,Thu,0.14,1.91502,1.9155,1.9047,0.00048,48.0,-502.36,839.12,15m_zone_distal_plus_buffer,15m-1787142600--1-f57669,4h-1787040000-1-4b012a,12.47,21.0,26.2,0.524,1.0,False,3.8,-0.599,-1.0,1,1.0,2026-08-19T04:00:00+00:00,2026-08-19T13:15:00+00:00,31.08,21.83,10.0,0.562,27.0,0.229,0.208,8,15m-1787142600--1-f57669,True,1,0.0,2026-08-19T13:15:00+00:00,False,0,0,,False,,False,2026-08-20T11:05:00+00:00,True,-0.083,-1.187,0.0,1,False,False,False,False,-1.0,stop_loss,-1.0,stop_loss,-1.0,stop_loss,-1.0,stop_loss,-1.0,stop_loss,-1.0,stop_loss,-1.0,stop_loss,-1.0,stop_loss,-1.0,stop_loss,-1.0,stop_loss,-1.0,stop_loss,stopped_never_our_way
2195964203,NZDJPY,short,aggressive_liquidation,Loss,stop_loss,bb1dd2609aedd9d8,2026-08-20T11:10:20.986000+00:00,2026-08-20T16:40:20.986000+05:30,2026-08-20T12:58:55.629000+00:00,11,Thu,0.32,94.362,94.452,93.933,0.09,90.0,-1905.0,2033.08,liquidity_pool_plus_buffer,15m-1787205600--1-321673,4h-1787155200-1-74751c,4.41,14.0,14.59,0.2918,1.0,True,108.6,-0.937,-1.0,1,1.0,2026-08-20T04:00:00+00:00,2026-08-20T06:30:00+00:00,7.17,4.67,5.0,0.289,26.0,0.589,0.122,1,15m-1787205600--1-321673,True,1,0.0,2026-08-20T06:30:00+00:00,False,0,0,,False,,False,2026-08-20T11:10:00+00:00,True,0.322,-1.044,55.0,22,False,False,False,False,-1.0,stop_loss,-1.0,stop_loss,-1.0,stop_loss,-1.0,stop_loss,-1.0,stop_loss,-1.0,stop_loss,-1.0,stop_loss,-1.0,stop_loss,-1.0,stop_loss,-1.0,stop_loss,-1.0,stop_loss,ran_then_reverted_before_partial
2196157693,GBPCHF,long,aggressive_liquidation,Profit,stop_loss,5b9e908e2510a023,2026-08-20T11:35:25.223000+00:00,2026-08-20T17:05:25.223000+05:30,2026-08-23T21:16:39.416000+00:00,11,Thu,0.13,1.08738,1.08455,1.09865,0.00283,283.0,6615.83,4774.83,15m_zone_distal_plus_buffer,15m-1787180400-1-1fd3e0,4h-1787112000--1-dd8b4b,4.06,15.0,5.38,0.1076,1.0,False,4901.2,1.386,1.412,2,1.0,2026-08-19T16:00:00+00:00,2026-08-20T00:30:00+00:00,19.58,11.08,130.0,0.074,21.0,0.908,0.018,4,15m-1787180400-1-1fd3e0,True,1,0.0,2026-08-20T00:30:00+00:00,True,1,3,1.5,True,2.004,False,2026-08-20T11:35:00+00:00,True,2.173,-0.081,1835.0,404,True,True,True,True,1.375,trail_stop,0.75,take_profit,1.0,take_profit,1.25,take_profit,2.0,take_profit,2.382,time_expiry,1.25,trail_stop,1.5,trail_stop,1.5,trail_stop,1.5,trail_stop,2.0,take_profit,trailed_winner
2197053969,CHFJPY,short,aggressive_liquidation,Profit,stop_loss,d4c6d69262e27748,2026-08-20T12:45:21.289000+00:00,2026-08-20T18:15:21.289000+05:30,2026-08-21T09:21:05.364000+00:00,12,Thu,0.15,198.887,199.077,196.418,0.19,190.0,5325.99,2068.45,liquidity_pool_plus_buffer,15m-1787223600--1-a5240d,4h-1787112000-1-d639a8,11.76,21.0,10.08,0.2015,1.0,True,1235.7,2.575,2.896,2,1.0,2026-08-19T16:00:00+00:00,2026-08-20T11:45:00+00:00,20.75,1.0,25.0,0.574,109.0,0.158,0.268,3,15m-1787223600--1-a5240d,True,1,0.0,2026-08-20T11:45:00+00:00,True,1,1,2.5,True,3.334,False,2026-08-20T12:45:00+00:00,True,3.516,-0.689,1220.0,248,True,True,True,True,0.625,trail_stop,0.75,take_profit,1.0,take_profit,1.25,take_profit,2.0,take_profit,2.7,time_expiry,0.5,trail_stop,1.0,trail_stop,0.0,trail_stop,0.0,trail_stop,0.0,trail_stop,trailed_winner
2197264325,EURCAD,short,aggressive_liquidation,Profit,stop_loss,2f84e882399ea84f,2026-08-20T13:05:20.213000+00:00,2026-08-20T18:35:20.213000+05:30,2026-08-21T14:08:51.713000+00:00,13,Thu,0.16,1.6101,1.61125,1.60538,0.00115,115.0,2953.45,1610.6,liquidity_pool_plus_buffer,15m-1787221800--1-f274fd,4h-1787025600-1-656c5f,3.44,15.0,11.35,0.2271,1.0,True,1503.5,1.834,2.161,2,1.0,2026-08-19T00:00:00+00:00,2026-08-20T11:15:00+00:00,37.08,1.83,15.0,0.417,48.0,0.278,0.304,10,15m-1787171400--1-f1c6e7,False,8,1.748,2026-08-19T21:30:00+00:00,True,1,6,3.0,True,3.555,False,2026-08-20T13:05:00+00:00,True,3.974,-0.661,1465.0,301,True,True,True,True,1.125,trail_stop,0.75,take_profit,1.0,take_profit,1.25,take_profit,2.0,take_profit,-1.0,stop_loss,0.5,trail_stop,1.0,trail_stop,0.0,trail_stop,0.0,trail_stop,0.0,trail_stop,trailed_winner
2201442741,EURNZD,long,aggressive_liquidation,Loss,stop_loss,aaa4a283de8847b3,2026-08-21T00:05:21.225000+00:00,2026-08-21T05:35:21.225000+05:30,2026-08-21T00:10:38.784000+00:00,0,Fri,0.16,1.96346,1.96232,1.9673500000000002,0.00114,114.0,-1136.39,1042.52,15m_zone_distal_plus_buffer,15m-1787238900-1-cc7b50,4h-1787155200--1-9a141f,3.81,22.0,21.03,0.4205,1.0,False,5.3,-1.09,-1.0,1,1.0,2026-08-20T04:00:00+00:00,2026-08-20T15:45:00+00:00,20.08,8.33,5.0,0.447,51.0,0.465,0.088,5,15m-1787205600-1-384fc9,False,3,1.228,2026-08-20T06:30:00+00:00,False,0,0,,False,,False,2026-08-21T00:05:00+00:00,True,-0.053,-1.272,0.0,2,False,False,False,False,-1.0,stop_loss,-1.0,stop_loss,-1.0,stop_loss,-1.0,stop_loss,-1.0,stop_loss,-1.0,stop_loss,-1.0,stop_loss,-1.0,stop_loss,-1.0,stop_loss,-1.0,stop_loss,-1.0,stop_loss,stopped_never_our_way
2201517364,CADJPY,short,aggressive_liquidation,Loss,stop_loss,a298b8f19e5f7beb,2026-08-21T00:20:14.215000+00:00,2026-08-21T05:50:14.215000+05:30,2026-08-21T00:27:25.825000+00:00,0,Fri,0.26,115.366,115.403,114.641,0.037,37.0,-633.0,1010.36,liquidity_pool_plus_buffer,15m-1787256900--1-405509,4h-1787155200-1-e1df13,11.91,11.0,18.63,0.3726,1.0,True,7.2,-0.627,-1.0,1,1.0,2026-08-20T12:00:00+00:00,2026-08-20T21:00:00+00:00,12.33,3.33,10.0,0.324,12.0,0.486,0.189,2,15m-1787256900--1-405509,True,1,0.0,2026-08-20T21:00:00+00:00,False,0,0,,False,,False,2026-08-21T00:20:00+00:00,True,0.27,-1.324,0.0,2,False,False,False,False,-1.0,stop_loss,-1.0,stop_loss,-1.0,stop_loss,-1.0,stop_loss,-1.0,stop_loss,-1.0,stop_loss,-1.0,stop_loss,-1.0,stop_loss,-1.0,stop_loss,-1.0,stop_loss,-1.0,stop_loss,ran_then_reverted_before_partial
2205433470,CADJPY,short,aggressive_liquidation,Loss,stop_loss,b549e2ada5978bf6,2026-08-21T11:00:19.730000+00:00,2026-08-21T16:30:19.730000+05:30,2026-08-21T11:08:03.700000+00:00,11,Fri,0.26,115.488,115.531,114.641,0.043,43.0,-738.06,919.3,liquidity_pool_plus_buffer,15m-1787289300--1-69085a,4h-1787155200-1-e1df13,15.62,11.0,20.54,0.4108,1.0,True,7.7,-0.803,-1.0,1,1.0,2026-08-20T12:00:00+00:00,2026-08-21T05:45:00+00:00,23.0,5.25,5.0,0.488,21.0,0.372,0.14,4,15m-1787289300--1-69085a,True,1,0.0,2026-08-21T05:45:00+00:00,False,0,0,,False,,False,2026-08-21T11:00:00+00:00,True,0.0,-1.14,0.0,2,False,False,False,False,-1.0,stop_loss,-1.0,stop_loss,-1.0,stop_loss,-1.0,stop_loss,-1.0,stop_loss,-1.0,stop_loss,-1.0,stop_loss,-1.0,stop_loss,-1.0,stop_loss,-1.0,stop_loss,-1.0,stop_loss,stopped_never_our_way
2205919044,GBPUSD,short,aggressive_liquidation,Profit,stop_loss,275d51b72f8b0b67,2026-08-21T11:55:14.160000+00:00,2026-08-21T17:25:14.160000+05:30,2026-08-21T14:50:18.169000+00:00,11,Fri,0.14,1.36514,1.36666,1.36073,0.00152,152.0,2996.08,2490.14,liquidity_pool_plus_buffer,15m-1787307300--1-d9703a,4h-1787169600-1-95dc4e,2.49,10.0,5.89,0.1179,1.0,True,175.1,1.203,1.378,2,1.0,2026-08-20T12:00:00+00:00,2026-08-21T11:00:00+00:00,23.92,0.92,30.0,0.566,86.0,0.388,0.046,4,15m-1787307300--1-d9703a,True,1,0.0,2026-08-21T11:00:00+00:00,True,1,3,1.5,True,2.055,False,2026-08-21T11:55:00+00:00,True,2.132,-0.599,165.0,36,True,True,True,True,1.375,trail_stop,0.75,take_profit,1.0,take_profit,1.25,take_profit,2.0,take_profit,1.428,time_expiry,1.25,trail_stop,1.5,trail_stop,1.5,trail_stop,1.5,trail_stop,2.0,take_profit,trailed_winner
2206001107,USDCHF,long,aggressive_liquidation,Profit,stop_loss,1c75f7a51781f740,2026-08-21T12:05:21.349000+00:00,2026-08-21T17:35:21.349000+05:30,2026-08-21T15:32:41.113000+00:00,12,Fri,0.19,0.79943,0.79821,0.81207,0.00122,122.0,4157.5,3138.99,15m_zone_distal_plus_buffer,15m-1787310900-1-c0c4c2,4h-1787068800--1-e75c98,10.0,13.0,10.32,0.2064,1.0,False,207.3,1.324,1.407,2,1.0,2026-08-19T16:00:00+00:00,2026-08-21T11:45:00+00:00,44.08,0.33,0.0,0.721,88.0,0.246,0.033,9,15m-1787176800-1-b3d831,False,5,1.484,2026-08-19T23:00:00+00:00,True,1,3,1.5,True,2.033,False,2026-08-21T12:05:00+00:00,True,2.107,-0.369,200.0,42,True,True,True,True,1.375,trail_stop,0.75,take_profit,1.0,take_profit,1.25,take_profit,2.0,take_profit,3.525,time_expiry,1.25,trail_stop,1.5,trail_stop,1.5,trail_stop,1.5,trail_stop,2.0,take_profit,trailed_winner
2206208086,EURUSD,short,aggressive_liquidation,Profit,stop_loss,e6a76955cb7626eb,2026-08-21T12:30:23.782000+00:00,2026-08-21T18:00:23.782000+05:30,2026-08-21T14:50:13.109000+00:00,12,Fri,0.16,1.16925,1.17034,1.15787,0.00109,109.0,2508.77,1639.1,liquidity_pool_plus_buffer,15m-1787312700--1-e894db,4h-1787068800-1-349ab4,11.76,8.0,8.19,0.1638,1.0,True,139.8,1.531,1.408,2,1.0,2026-08-19T08:00:00+00:00,2026-08-21T12:15:00+00:00,52.5,0.25,10.0,0.156,17.0,0.578,0.266,8,15m-1787220900--1-bf9a75,False,2,0.826,2026-08-20T11:00:00+00:00,True,1,3,1.5,True,2.003,False,2026-08-21T12:30:00+00:00,True,2.128,-0.257,125.0,29,True,True,True,True,1.375,trail_stop,0.75,take_profit,1.0,take_profit,1.25,take_profit,2.0,take_profit,2.505,time_expiry,1.25,trail_stop,1.5,trail_stop,1.5,trail_stop,1.5,trail_stop,2.0,take_profit,trailed_winner
2207381938,CADJPY,short,aggressive_liquidation,Loss,stop_loss,fe66af9880cdd040,2026-08-21T14:25:28.110000+00:00,2026-08-21T19:55:28.110000+05:30,2026-08-21T17:37:00.967000+00:00,14,Fri,0.26,115.459,115.587,114.641,0.128,128.0,-2190.85,2203.38,liquidity_pool_plus_buffer,15m-1787318100--1-20fd5d,4h-1787155200-1-e1df13,6.36,11.0,8.56,0.1711,1.0,True,191.5,-0.994,-1.0,1,1.0,2026-08-20T12:00:00+00:00,2026-08-21T14:15:00+00:00,26.42,0.17,5.0,0.648,83.0,0.156,0.195,5,15m-1787289300--1-69085a,False,2,0.195,2026-08-21T05:45:00+00:00,False,0,0,,False,,False,2026-08-21T14:25:00+00:00,True,0.648,-1.0,30.0,39,False,False,False,True,2.625,trail_stop,0.75,take_profit,1.0,take_profit,1.25,take_profit,2.0,take_profit,6.391,take_profit,2.5,trail_stop,4.0,trail_stop,4.0,trail_stop,4.0,trail_stop,2.0,take_profit,ran_then_reverted_before_partial
2207912222,GBPNZD,long,aggressive_liquidation,Loss,stop_loss,ebfee2ccaf9584db,2026-08-21T15:10:19.428000+00:00,2026-08-21T20:40:19.428000+05:30,2026-08-21T15:39:50.700000+00:00,15,Fri,0.14,2.28098,2.28019,2.2928100000000002,0.00079,79.0,-692.31,983.81,liquidity_pool_plus_buffer,15m-1787321700-1-aad210,4h-1787241600--1-d99482,10.24,24.0,21.37,0.4274,1.0,True,29.5,-0.704,-1.0,1,1.0,2026-08-21T12:00:00+00:00,2026-08-21T14:45:00+00:00,3.17,0.42,10.0,0.646,51.0,-0.278,0.633,1,15m-1787321700-1-aad210,True,1,0.0,2026-08-21T14:45:00+00:00,False,0,0,,False,,False,2026-08-21T15:10:00+00:00,True,0.418,-1.025,0.0,6,False,False,False,False,-1.0,stop_loss,-1.0,stop_loss,-1.0,stop_loss,-1.0,stop_loss,-1.0,stop_loss,-1.0,stop_loss,-1.0,stop_loss,-1.0,stop_loss,-1.0,stop_loss,-1.0,stop_loss,-1.0,stop_loss,ran_then_reverted_before_partial
2207985789,NZDJPY,short,aggressive_liquidation,Loss,stop_loss,dc69d35cb97bafca,2026-08-21T15:20:32.353000+00:00,2026-08-21T20:50:32.353000+05:30,2026-08-21T15:28:32.121000+00:00,15,Fri,0.32,94.962,95.018,94.351,0.056,56.0,-1180.12,1127.2,liquidity_pool_plus_buffer,15m-1787319900--1-7a554f,4h-1787212800-1-46d7a9,11.46,14.0,26.17,0.5234,1.0,True,8.0,-1.047,-1.0,1,1.0,2026-08-20T16:00:00+00:00,2026-08-21T14:45:00+00:00,23.33,0.58,15.0,1.268,71.0,-0.357,0.089,4,15m-1787319900--1-7a554f,True,1,0.0,2026-08-21T14:45:00+00:00,False,0,0,,False,,False,2026-08-21T15:20:00+00:00,True,-0.196,-1.036,0.0,2,False,False,False,False,-1.0,stop_loss,-1.0,stop_loss,-1.0,stop_loss,-1.0,stop_loss,-1.0,stop_loss,-1.0,stop_loss,-1.0,stop_loss,-1.0,stop_loss,-1.0,stop_loss,-1.0,stop_loss,-1.0,stop_loss,stopped_never_our_way
2208285496,NZDUSD,short,aggressive_liquidation,Loss,stop_loss,5ae3397e93f09354,2026-08-21T15:50:15.676000+00:00,2026-08-21T21:20:15.676000+05:30,2026-08-21T18:02:24.038000+00:00,15,Fri,0.32,0.59794,0.5985,0.59467,0.00056,56.0,-1875.4,2042.57,liquidity_pool_plus_buffer,15m-1787319900--1-a0a55b,4h-1787241600-1-dba524,5.28,14.0,22.96,0.4592,1.0,True,132.1,-0.918,-1.0,1,1.0,2026-08-21T04:00:00+00:00,2026-08-21T14:45:00+00:00,11.83,1.08,5.0,0.893,50.0,-0.107,0.214,3,15m-1787319900--1-a0a55b,True,1,0.0,2026-08-21T14:45:00+00:00,False,0,0,,False,,False,2026-08-21T15:50:00+00:00,True,0.018,-1.089,25.0,27,False,False,False,False,-1.0,stop_loss,-1.0,stop_loss,-1.0,stop_loss,-1.0,stop_loss,-1.0,stop_loss,-1.0,stop_loss,-1.0,stop_loss,-1.0,stop_loss,-1.0,stop_loss,-1.0,stop_loss,-1.0,stop_loss,stopped_never_our_way
2209525712,GBPUSD,short,aggressive_liquidation,Profit,client_close,cbce77dde6bd59ea,2026-08-21T19:05:21.040000+00:00,2026-08-22T00:35:21.040000+05:30,2026-08-23T21:41:46.524000+00:00,19,Fri,0.14,1.36491,1.36594,1.36073,0.00103,103.0,1084.45,1607.27,15m_zone_distal_plus_buffer,15m-1787314500--1-0365fc,4h-1787169600-1-95dc4e,3.75,10.0,9.12,0.1824,1.0,False,3036.4,0.675,0.738,1,1.0,2026-08-20T12:00:00+00:00,2026-08-21T12:45:00+00:00,31.08,6.33,60.0,0.563,58.0,0.369,0.068,6,15m-1787307300--1-d9703a,False,2,0.427,2026-08-21T11:00:00+00:00,False,0,0,,False,,False,2026-08-21T19:05:00+00:00,True,1.99,-0.175,3000.0,31,True,True,True,True,1.125,trail_stop,0.75,take_profit,1.0,take_profit,1.25,take_profit,2.0,take_profit,4.058,take_profit,1.0,trail_stop,1.0,trail_stop,1.0,trail_stop,1.0,trail_stop,0.0,trail_stop,partial_winner
2218215189,GBPCAD,short,conservative_mss,Loss,stop_loss,a93119827f46cc05,2026-08-24T09:10:25.848000+00:00,2026-08-24T14:40:25.848000+05:30,2026-08-24T11:32:22.989000+00:00,9,Mon,0.14,1.88568,1.88705,1.8830900000000002,0.00137,137.0,-1450.4,1653.01,liquidity_pool_plus_buffer,15m-1787560200--1-358caf,4h-1787529600-1-781ef5,1.54,18.0,11.55,0.231,1.0,True,142.0,-0.877,-1.0,1,1.0,2026-08-24T08:00:00+00:00,2026-08-24T09:00:00+00:00,1.17,0.17,5.0,0.642,88.0,0.212,0.146,1,15m-1787560200--1-358caf,True,1,0.0,2026-08-24T09:00:00+00:00,False,0,0,,False,,False,2026-08-24T09:10:00+00:00,True,0.226,-1.131,85.0,29,False,False,False,False,-1.0,stop_loss,-1.0,stop_loss,-1.0,stop_loss,-1.0,stop_loss,-1.0,stop_loss,-1.0,stop_loss,-1.0,stop_loss,-1.0,stop_loss,-1.0,stop_loss,-1.0,stop_loss,-1.0,stop_loss,stopped_never_our_way
2218242617,GBPNZD,long,aggressive_liquidation,Profit,stop_loss,6f41dee0839f08f8,2026-08-24T09:15:17.508000+00:00,2026-08-24T14:45:17.508000+05:30,2026-08-24T11:17:42.951000+00:00,9,Mon,0.13,2.2838,2.28251,2.2928100000000002,0.00129,129.0,1426.78,1234.52,liquidity_pool_plus_buffer,15m-1787553900-1-94f9df,4h-1787241600--1-d99482,5.79,24.0,15.81,0.3161,1.0,True,122.4,1.156,1.393,2,1.0,2026-08-21T12:00:00+00:00,2026-08-24T07:30:00+00:00,69.25,1.75,70.0,0.705,91.0,-0.078,0.372,5,15m-1787321700-1-aad210,False,5,2.093,2026-08-21T14:45:00+00:00,True,1,3,1.5,True,2.04,False,2026-08-24T09:15:00+00:00,True,2.093,-0.419,115.0,25,True,True,True,True,1.375,trail_stop,0.75,take_profit,1.0,take_profit,1.25,take_profit,2.0,take_profit,-1.0,stop_loss,1.25,trail_stop,1.5,trail_stop,1.5,trail_stop,1.5,trail_stop,2.0,take_profit,trailed_winner
2218684770,GBPJPY,short,aggressive_liquidation,Profit,stop_loss,405f96d9006c0b40,2026-08-24T10:20:15.197000+00:00,2026-08-24T15:50:15.197000+05:30,2026-08-24T12:55:00.408000+00:00,10,Mon,0.14,216.984,217.106,215.599,0.122,122.0,689.72,1527.79,liquidity_pool_plus_buffer,15m-1787558400--1-5030eb,4h-1787155200-1-d858bf,8.09,21.0,12.67,0.2535,1.0,True,154.8,0.451,0.627,2,1.0,2026-08-20T12:00:00+00:00,2026-08-24T09:00:00+00:00,94.33,1.33,55.0,0.943,115.0,-0.033,0.09,6,15m-1787558400--1-5030eb,True,1,0.0,2026-08-24T09:00:00+00:00,True,1,1,0.0,False,1.256,False,2026-08-24T10:20:00+00:00,True,1.525,-0.459,120.0,32,True,True,True,True,1.125,trail_stop,0.75,take_profit,1.0,take_profit,1.25,take_profit,-1.0,stop_loss,-1.0,stop_loss,1.0,trail_stop,1.0,trail_stop,1.0,trail_stop,1.0,trail_stop,0.0,trail_stop,trailed_winner
2219420071,AUDUSD,short,aggressive_liquidation,Profit,stop_loss,fe99667b02674060,2026-08-24T11:45:18.542000+00:00,2026-08-24T17:15:18.542000+05:30,2026-08-25T00:00:21.311000+00:00,11,Mon,0.27,0.71634,0.71714,0.7119,0.0008,80.0,2521.0,2378.83,liquidity_pool_plus_buffer,15m-1787553900--1-86e0bc,4h-1787241600-1-5c1bda,5.22,9.0,10.69,0.2139,1.0,True,735.0,1.06,1.138,2,1.0,2026-08-21T04:00:00+00:00,2026-08-24T07:45:00+00:00,79.75,4.0,5.0,0.55,44.0,0.4,0.05,7,15m-1787342400--1-5dc7af,False,4,0.7,2026-08-21T21:00:00+00:00,True,1,1,1.0,True,1.52,False,2026-08-24T11:45:00+00:00,True,2.8,-0.637,370.0,148,True,True,True,True,1.625,trail_stop,0.75,take_profit,1.0,take_profit,1.25,take_profit,2.0,take_profit,-1.0,stop_loss,1.5,trail_stop,2.0,trail_stop,2.0,trail_stop,2.0,trail_stop,2.0,take_profit,trailed_winner
2219420672,EURAUD,long,aggressive_liquidation,Profit,stop_loss,c01f4d771dda0cd0,2026-08-24T11:45:22.313000+00:00,2026-08-24T17:15:22.313000+05:30,2026-08-24T15:26:00.585000+00:00,11,Mon,0.16,1.6285,1.62779,1.64035,0.00071,71.0,1988.84,770.78,swept_wick_plus_buffer,15m-1787565600-1-ffc165,4h-1787241600--1-fed4b1,18.54,17.0,26.45,0.5289,1.0,False,220.6,2.58,2.387,2,1.0,2026-08-21T04:00:00+00:00,2026-08-24T11:15:00+00:00,79.75,0.5,5.0,0.394,28.0,0.352,0.254,4,15m-1787343300-1-9d9cc5,False,2,0.38,2026-08-21T21:00:00+00:00,True,1,7,3.5,True,4.006,False,2026-08-24T11:45:00+00:00,True,4.085,-0.662,215.0,45,True,True,True,True,2.375,trail_stop,0.75,take_profit,1.0,take_profit,1.25,take_profit,2.0,take_profit,-1.0,stop_loss,0.5,trail_stop,3.5,trail_stop,0.0,trail_stop,0.0,trail_stop,0.0,trail_stop,trailed_winner
2219421833,GBPAUD,long,aggressive_liquidation,Profit,stop_loss,889fa8fa581fe348,2026-08-24T11:45:26.272000+00:00,2026-08-24T17:15:26.272000+05:30,2026-08-24T14:57:30.327000+00:00,11,Mon,0.14,1.90334,1.9021,1.9159899999999999,0.00124,124.0,1755.75,1165.19,liquidity_pool_plus_buffer,15m-1787565600-1-4ca125,4h-1787256000--1-d949f1,11.51,21.0,18.91,0.3783,1.0,True,192.1,1.507,1.379,2,1.0,2026-08-21T08:00:00+00:00,2026-08-24T11:15:00+00:00,75.75,0.5,10.0,0.565,70.0,0.129,0.306,6,15m-1787337900-1-85d0aa,False,5,1.081,2026-08-21T19:30:00+00:00,True,1,3,1.5,True,2.032,False,2026-08-24T11:45:00+00:00,True,2.113,-0.266,185.0,39,True,True,True,True,1.375,trail_stop,0.75,take_profit,1.0,take_profit,1.25,take_profit,2.0,take_profit,-1.0,stop_loss,1.25,trail_stop,1.5,trail_stop,1.5,trail_stop,1.5,trail_stop,2.0,take_profit,trailed_winner
2219976618,GBPUSD,short,aggressive_liquidation,Loss,stop_loss,efa0d654c07432da,2026-08-24T12:35:19.790000+00:00,2026-08-24T18:05:19.790000+05:30,2026-08-24T13:19:18.607000+00:00,12,Mon,0.14,1.36418,1.36494,1.36073,0.00076,76.0,-1113.12,2162.12,liquidity_pool_plus_buffer,15m-1787555700--1-0097e8,4h-1787169600-1-95dc4e,1.85,10.0,6.77,0.1355,1.0,True,44.0,-0.515,-1.0,1,1.0,2026-08-20T12:00:00+00:00,2026-08-24T07:45:00+00:00,96.58,4.83,5.0,0.355,27.0,0.224,0.421,12,15m-1787307300--1-d9703a,False,7,1.816,2026-08-21T11:00:00+00:00,False,0,0,,False,,False,2026-08-24T12:35:00+00:00,True,0.526,-1.145,10.0,9,False,False,False,True,-1.0,stop_loss,-1.0,stop_loss,-1.0,stop_loss,-1.0,stop_loss,-1.0,stop_loss,-1.0,stop_loss,-1.0,stop_loss,-1.0,stop_loss,-1.0,stop_loss,-1.0,stop_loss,-1.0,stop_loss,ran_then_reverted_before_partial
2221465265,EURCAD,short,aggressive_liquidation,Loss,stop_loss,47bb4fafc4fdac4b,2026-08-24T14:25:17.124000+00:00,2026-08-24T19:55:17.124000+05:30,2026-08-24T14:46:41.923000+00:00,14,Mon,0.16,1.61347,1.6143,1.61118,0.00083,83.0,-1004.65,1127.46,liquidity_pool_plus_buffer,15m-1787578200--1-fe2790,4h-1787529600-1-b380ec,2.35,15.0,16.11,0.3221,1.0,True,21.4,-0.891,-1.0,1,1.0,2026-08-24T08:00:00+00:00,2026-08-24T14:00:00+00:00,6.42,0.42,10.0,0.554,46.0,0.349,0.096,2,15m-1787560200--1-050f39,False,2,0.217,2026-08-24T09:45:00+00:00,False,0,0,,False,,False,2026-08-24T14:25:00+00:00,True,0.241,-1.373,0.0,5,False,False,False,False,-1.0,stop_loss,-1.0,stop_loss,-1.0,stop_loss,-1.0,stop_loss,-1.0,stop_loss,-1.0,stop_loss,-1.0,stop_loss,-1.0,stop_loss,-1.0,stop_loss,-1.0,stop_loss,-1.0,stop_loss,stopped_never_our_way
2229054847,AUDNZD,short,aggressive_liquidation,Profit,stop_loss,8ebbcd0e2ab31e68,2026-08-25T09:50:26.405000+00:00,2026-08-25T15:20:26.405000+05:30,2026-08-25T12:00:41.493000+00:00,9,Tue,0.27,1.20007,1.2006999999999999,1.19679,0.00063,63.0,1166.48,1334.32,liquidity_pool_plus_buffer,15m-1787647500--1-333d7b,4h-1787256000-1-9c418b,3.95,18.0,22.78,0.4557,1.0,True,130.3,0.874,1.122,2,1.0,2026-08-21T08:00:00+00:00,2026-08-25T09:15:00+00:00,97.83,0.58,0.0,0.492,31.0,0.27,0.238,12,15m-1787577300--1-406e47,False,3,0.651,2026-08-24T14:15:00+00:00,True,1,2,1.0,True,1.508,False,2026-08-25T09:50:00+00:00,True,1.667,-0.397,120.0,27,True,True,True,True,1.125,trail_stop,0.75,take_profit,1.0,take_profit,1.25,take_profit,2.0,take_profit,-1.0,stop_loss,1.0,trail_stop,1.0,trail_stop,1.0,trail_stop,1.0,trail_stop,0.0,trail_stop,trailed_winner
2229271794,EURJPY,short,aggressive_liquidation,Loss,stop_loss,1121345ca51c6a2f,2026-08-25T10:25:20.083000+00:00,2026-08-25T15:55:20.083000+05:30,2026-08-25T21:05:50.929000+00:00,10,Tue,0.16,185.77,185.945,184.814,0.175,175.0,-1846.6,2045.04,liquidity_pool_plus_buffer,15m-1787288400--1-244be3,4h-1787155200-1-68ec85,4.83,16.0,8.24,0.1649,1.0,True,640.5,-0.903,-1.0,1,1.0,2026-08-20T04:00:00+00:00,2026-08-21T05:45:00+00:00,126.42,100.67,135.0,0.063,11.0,0.863,0.074,15,15m-1787288400--1-244be3,True,1,0.0,2026-08-21T05:45:00+00:00,False,0,0,,False,,False,2026-08-25T10:25:00+00:00,True,0.6,-0.931,95.0,129,False,False,False,True,-1.0,stop_loss,-1.0,stop_loss,-1.0,stop_loss,-1.0,stop_loss,-1.0,stop_loss,-1.0,stop_loss,-1.0,stop_loss,-1.0,stop_loss,-1.0,stop_loss,-1.0,stop_loss,-1.0,stop_loss,ran_then_reverted_before_partial
2229567035,AUDUSD,long,aggressive_liquidation,Profit,stop_loss,261a4b10d21bf7ed,2026-08-25T11:15:21.566000+00:00,2026-08-25T16:45:21.566000+05:30,2026-08-25T13:21:20.873000+00:00,11,Tue,0.26,0.71526,0.71467,0.71638,0.00059,59.0,1903.64,1653.0,liquidity_pool_plus_buffer,15m-1787649300-1-6d7379,4h-1787558400--1-63feb2,1.82,9.0,14.84,0.2968,1.0,True,126.0,1.152,1.212,2,1.0,2026-08-24T16:00:00+00:00,2026-08-25T09:45:00+00:00,19.25,1.5,60.0,0.407,24.0,0.373,0.22,3,15m-1787603400-1-350d01,False,3,0.339,2026-08-24T21:00:00+00:00,True,1,2,1.0,True,1.507,False,2026-08-25T11:15:00+00:00,True,1.576,-0.593,115.0,26,True,True,True,True,1.125,trail_stop,0.75,take_profit,1.0,take_profit,1.25,take_profit,2.0,take_profit,1.898,take_profit,1.0,trail_stop,1.0,trail_stop,0.0,trail_stop,1.0,trail_stop,0.0,trail_stop,trailed_winner
2229653939,EURUSD,long,aggressive_liquidation,Profit,take_profit,728293ecae1ad09f,2026-08-25T11:30:20.181000+00:00,2026-08-25T17:00:20.181000+05:30,2026-08-25T13:12:14.263000+00:00,11,Tue,0.16,1.16621,1.16558,1.16749,0.00063,63.0,1695.81,1083.66,liquidity_pool_plus_buffer,15m-1787643000-1-1d60d6,4h-1787515200--1-29b900,1.95,8.0,12.37,0.2475,1.0,True,101.9,1.565,1.643,2,1.0,2026-08-24T08:00:00+00:00,2026-08-25T08:45:00+00:00,27.5,2.75,10.0,0.286,18.0,0.587,0.127,2,15m-1787643000-1-1d60d6,True,1,0.0,2026-08-25T08:45:00+00:00,True,1,2,1.0,True,1.687,False,2026-08-25T11:30:00+00:00,True,2.063,-0.524,100.0,21,True,True,True,True,1.641,take_profit,0.75,take_profit,1.0,take_profit,1.25,take_profit,2.0,take_profit,2.032,take_profit,1.516,take_profit,2.032,take_profit,2.032,take_profit,2.032,take_profit,2.0,take_profit,target_hit
2229881780,EURNZD,long,aggressive_liquidation,Loss,stop_loss,5f9c87dd730b6ac5,2026-08-25T12:05:17.443000+00:00,2026-08-25T17:35:17.443000+05:30,2026-08-25T19:31:22.559000+00:00,12,Tue,0.16,1.95516,1.9535200000000001,1.96361,0.00164,164.0,-1645.98,1855.57,liquidity_pool_plus_buffer,15m-1787565600-1-797c6d,4h-1787241600--1-7e0b74,4.44,22.0,11.86,0.2371,1.0,True,446.1,-0.887,-1.0,1,1.0,2026-08-21T04:00:00+00:00,2026-08-24T11:00:00+00:00,104.08,25.08,10.0,0.061,10.0,0.768,0.171,13,15m-1787520600-1-187729,False,4,0.683,2026-08-23T22:00:00+00:00,False,0,0,,False,,False,2026-08-25T12:05:00+00:00,True,1.079,-1.171,110.0,90,False,False,True,True,-1.0,stop_loss,0.75,take_profit,1.0,take_profit,-1.0,stop_loss,-1.0,stop_loss,-1.0,stop_loss,0.5,trail_stop,-1.0,stop_loss,0.0,trail_stop,0.0,trail_stop,0.0,trail_stop,ran_then_reverted_before_partial
2229921396,EURCAD,short,aggressive_liquidation,Loss,stop_loss,974ab2b4130a9d87,2026-08-25T12:10:24.595000+00:00,2026-08-25T17:40:24.595000+05:30,2026-08-25T12:20:28.543000+00:00,12,Tue,0.16,1.61619,1.61656,1.61118,0.00037,37.0,-447.66,751.68,liquidity_pool_plus_buffer,15m-1787654700--1-38747f,4h-1787529600-1-b380ec,7.66,15.0,24.13,0.4826,1.0,True,10.1,-0.596,-1.0,1,1.0,2026-08-24T08:00:00+00:00,2026-08-25T11:45:00+00:00,28.17,0.42,15.0,1.27,47.0,-0.784,0.514,5,15m-1787654700--1-38747f,True,1,0.0,2026-08-25T11:45:00+00:00,False,0,0,,False,,False,2026-08-25T12:10:00+00:00,True,1.135,-1.514,0.0,3,False,False,True,True,-1.0,stop_loss,0.75,take_profit,1.0,take_profit,-1.0,stop_loss,-1.0,stop_loss,-1.0,stop_loss,0.5,trail_stop,-1.0,stop_loss,0.0,trail_stop,0.0,trail_stop,0.0,trail_stop,ran_then_reverted_before_partial
2230675041,USDJPY,long,aggressive_liquidation,Loss,stop_loss,fdd784b8fbf3970a,2026-08-25T13:20:24.915000+00:00,2026-08-25T18:50:24.915000+05:30,2026-08-25T19:53:20.036000+00:00,13,Tue,0.19,159.224,159.114,159.591,0.11,110.0,-1378.99,1448.79,15m_zone_distal_plus_buffer,15m-1787619600-1-63dc40,4h-1787068800--1-3f4405,3.11,10.0,8.63,0.1725,1.0,False,392.9,-0.952,-1.0,1,1.0,2026-08-19T04:00:00+00:00,2026-08-25T02:00:00+00:00,153.33,11.33,5.0,0.555,61.0,0.373,0.073,24,15m-1787176800-1-c1ef8d,False,19,9.627,2026-08-19T23:30:00+00:00,False,0,0,,False,,False,2026-08-25T13:20:00+00:00,True,0.927,-1.155,70.0,79,False,False,False,True,-1.0,stop_loss,0.75,take_profit,-1.0,stop_loss,-1.0,stop_loss,-1.0,stop_loss,-1.0,stop_loss,-1.0,stop_loss,-1.0,stop_loss,0.0,trail_stop,-1.0,stop_loss,-1.0,stop_loss,ran_then_reverted_before_partial
2231175910,GBPCAD,short,conservative_mss,Loss,stop_loss,5623e5d3143f62c5,2026-08-25T13:55:28.138000+00:00,2026-08-25T19:25:28.138000+05:30,2026-08-26T03:21:34.615000+00:00,13,Tue,0.14,1.88782,1.89047,1.8830900000000002,0.00265,265.0,-2811.88,2940.73,liquidity_pool_plus_buffer,15m-1787652900--1-1ca226,4h-1787529600-1-781ef5,1.66,18.0,6.49,0.1298,1.0,True,806.1,-0.956,-1.0,1,1.0,2026-08-24T08:00:00+00:00,2026-08-25T10:45:00+00:00,29.92,3.17,110.0,0.091,24.0,0.819,0.091,4,15m-1787652900--1-1ca226,True,1,0.0,2026-08-25T10:45:00+00:00,False,0,0,,False,,False,2026-08-25T13:55:00+00:00,True,0.898,-1.011,45.0,161,False,False,False,True,-1.0,stop_loss,0.75,take_profit,-1.0,stop_loss,-1.0,stop_loss,-1.0,stop_loss,-1.0,stop_loss,-1.0,stop_loss,-1.0,stop_loss,0.0,trail_stop,-1.0,stop_loss,-1.0,stop_loss,ran_then_reverted_before_partial
2231603787,GBPNZD,long,aggressive_liquidation,Loss,stop_loss,07de30548fdc650b,2026-08-25T14:35:15.026000+00:00,2026-08-25T20:05:15.026000+05:30,2026-08-25T15:34:27.837000+00:00,14,Tue,0.13,2.28442,2.28315,2.2928100000000002,0.00127,127.0,-1034.04,1551.6,15m_zone_distal_plus_buffer,15m-1787565600-1-3403a3,4h-1787241600--1-d99482,4.06,24.0,12.58,0.2515,1.0,False,59.2,-0.666,-1.0,1,1.0,2026-08-21T12:00:00+00:00,2026-08-24T11:00:00+00:00,98.58,27.58,0.0,0.472,60.0,0.441,0.087,13,15m-1787321700-1-aad210,False,5,2.094,2026-08-21T14:45:00+00:00,False,0,0,,False,,False,2026-08-25T14:35:00+00:00,True,0.268,-1.15,50.0,12,False,False,False,False,-1.0,stop_loss,-1.0,stop_loss,-1.0,stop_loss,-1.0,stop_loss,-1.0,stop_loss,-1.0,stop_loss,-1.0,stop_loss,-1.0,stop_loss,-1.0,stop_loss,-1.0,stop_loss,-1.0,stop_loss,ran_then_reverted_before_partial
2231796571,AUDCHF,short,aggressive_liquidation,Loss,stop_loss,971fb60d10508cb1,2026-08-25T14:55:25.364000+00:00,2026-08-25T20:25:25.364000+05:30,2026-08-26T01:30:01.501000+00:00,14,Tue,0.27,0.57443,0.57494,0.56938,0.00051,51.0,-1803.51,1931.33,15m_zone_distal_plus_buffer,15m-1787634900--1-8f6388,4h-1787256000-1-b2bfb6,9.15,9.0,16.44,0.3288,1.0,False,634.6,-0.934,-1.0,1,1.0,2026-08-21T04:00:00+00:00,2026-08-25T06:30:00+00:00,106.92,8.42,15.0,0.471,24.0,0.471,0.059,11,15m-1787634900--1-8f6388,True,1,0.0,2026-08-25T06:30:00+00:00,False,0,0,,False,,False,2026-08-25T14:55:00+00:00,True,1.059,-2.196,425.0,127,False,False,True,True,-1.0,stop_loss,0.75,take_profit,1.0,take_profit,-1.0,stop_loss,-1.0,stop_loss,-1.0,stop_loss,0.5,trail_stop,-1.0,stop_loss,0.0,trail_stop,0.0,trail_stop,0.0,trail_stop,ran_then_reverted_before_partial
2231797162,NZDJPY,short,aggressive_liquidation,Loss,stop_loss,11816876ac535bcd,2026-08-25T14:55:28.722000+00:00,2026-08-25T20:25:28.722000+05:30,2026-08-25T15:33:52.752000+00:00,14,Tue,0.32,95.046,95.091,94.351,0.045,45.0,-948.14,1147.94,15m_zone_distal_plus_buffer,15m-1787343300--1-e25720,4h-1787212800-1-46d7a9,12.57,14.0,25.68,0.5137,1.0,False,38.4,-0.826,-1.0,1,1.0,2026-08-20T16:00:00+00:00,2026-08-21T20:45:00+00:00,118.92,90.17,15.0,0.511,23.0,0.378,0.111,15,15m-1787343300--1-e25720,True,1,0.0,2026-08-21T20:45:00+00:00,False,0,0,,False,,False,2026-08-25T14:55:00+00:00,True,0.178,-1.422,10.0,8,False,False,False,False,-1.0,stop_loss,-1.0,stop_loss,-1.0,stop_loss,-1.0,stop_loss,-1.0,stop_loss,-1.0,stop_loss,-1.0,stop_loss,-1.0,stop_loss,-1.0,stop_loss,-1.0,stop_loss,-1.0,stop_loss,stopped_never_our_way
2233461904,EURGBP,long,aggressive_liquidation,Profit,stop_loss,1df408f56ee86a68,2026-08-25T19:05:24.426000+00:00,2026-08-26T00:35:24.426000+05:30,2026-08-26T11:25:22.839000+00:00,19,Tue,0.16,0.85568,0.85501,0.85693,0.00067,67.0,624.69,1340.82,liquidity_pool_plus_buffer,15m-1787662800-1-8e94bf,4h-1787284800--1-4d16d6,2.28,13.0,22.2,0.444,1.0,True,980.0,0.466,0.418,1,1.0,2026-08-21T20:00:00+00:00,2026-08-25T14:30:00+00:00,95.08,4.58,60.0,0.687,46.0,0.254,0.06,12,15m-1787653800-1-309846,False,5,0.597,2026-08-25T11:00:00+00:00,False,0,0,,False,,False,2026-08-25T19:05:00+00:00,True,1.104,-0.866,825.0,197,False,False,True,True,1.558,take_profit,0.75,take_profit,1.0,take_profit,1.25,take_profit,2.0,take_profit,1.866,take_profit,1.433,take_profit,1.866,take_profit,1.866,take_profit,1.866,take_profit,2.0,take_profit,partial_winner
2234047604,EURCHF,long,aggressive_liquidation,Profit,stop_loss,2f2f30e5eadc640b,2026-08-25T22:05:21.772000+00:00,2026-08-26T03:35:21.772000+05:30,2026-08-26T21:25:56.490000+00:00,22,Tue,0.16,0.93563,0.93455,0.93988,0.00108,108.0,3775.07,1853.14,15m_zone_distal_plus_buffer,15m-1787551200-1-93ccf4,4h-1787112000--1-086d1b,5.03,25.0,28.3,0.5659,1.0,False,1400.6,2.037,1.713,2,1.0,2026-08-19T16:00:00+00:00,2026-08-24T06:45:00+00:00,150.08,39.33,5.0,0.25,27.0,0.704,0.046,25,15m-1787180400-1-0f6795,False,12,3.583,2026-08-20T00:00:00+00:00,True,1,4,2.0,True,2.554,False,2026-08-25T22:05:00+00:00,True,3.0,-0.269,1015.0,281,True,True,True,True,1.875,trail_stop,0.75,take_profit,1.0,take_profit,1.25,take_profit,2.0,take_profit,1.676,archive_end,1.75,trail_stop,2.5,trail_stop,2.5,trail_stop,2.5,trail_stop,2.0,take_profit,trailed_winner
2234048124,NZDCAD,short,aggressive_liquidation,Profit,stop_loss,6bf2f157b241837f,2026-08-25T22:05:29.193000+00:00,2026-08-26T03:35:29.193000+05:30,2026-08-26T07:48:36.807000+00:00,22,Tue,0.32,0.82682,0.82749,0.81503,0.00067,67.0,4025.08,2288.78,liquidity_pool_plus_buffer,15m-1787690700--1-ddf6fb,4h-1787112000-1-e828f9,12.22,14.0,14.85,0.297,1.0,True,583.1,1.759,2.537,2,1.0,2026-08-19T16:00:00+00:00,2026-08-25T21:45:00+00:00,150.08,0.33,0.0,0.866,58.0,0.075,0.06,23,15m-1787690700--1-ddf6fb,True,1,0.0,2026-08-25T21:45:00+00:00,True,1,2,2.5,True,3.024,False,2026-08-25T22:05:00+00:00,True,3.821,-0.97,505.0,117,True,True,True,True,1.125,trail_stop,0.75,take_profit,1.0,take_profit,1.25,take_profit,2.0,take_profit,7.0,archive_end,1.0,trail_stop,1.0,trail_stop,1.0,trail_stop,1.0,trail_stop,2.0,take_profit,trailed_winner
2237950549,GBPCAD,short,aggressive_liquidation,Loss,stop_loss,059874eb1c08f01d,2026-08-26T11:15:19.090000+00:00,2026-08-26T16:45:19.090000+05:30,2026-08-26T11:30:38.908000+00:00,11,Wed,0.14,1.88954,1.88999,1.8830900000000002,0.00045,45.0,-477.43,720.3,liquidity_pool_plus_buffer,15m-1787736600--1-ce2a7b,4h-1787529600-1-781ef5,9.17,18.0,26.51,0.5302,1.0,True,15.3,-0.663,-1.0,1,1.0,2026-08-24T08:00:00+00:00,2026-08-26T10:15:00+00:00,51.25,1.0,5.0,1.222,55.0,-0.422,0.2,7,15m-1787652900--1-1ca226,False,3,1.422,2026-08-25T10:45:00+00:00,False,0,0,,False,,False,2026-08-26T11:15:00+00:00,True,0.378,-1.178,5.0,4,False,False,False,False,-1.0,stop_loss,-1.0,stop_loss,-1.0,stop_loss,-1.0,stop_loss,-1.0,stop_loss,-1.0,stop_loss,-1.0,stop_loss,-1.0,stop_loss,-1.0,stop_loss,-1.0,stop_loss,-1.0,stop_loss,ran_then_reverted_before_partial
2238082823,EURAUD,long,aggressive_liquidation,Profit,stop_loss,c6e3130d243887e2,2026-08-26T11:35:19.933000+00:00,2026-08-26T17:05:19.933000+05:30,2026-08-26T17:34:46.307000+00:00,11,Wed,0.16,1.62428,1.62314,1.62982,0.00114,114.0,869.94,1392.18,liquidity_pool_plus_buffer,15m-1787724000-1-5d0cb0,4h-1787659200--1-1c1192,4.8,17.0,14.75,0.295,1.0,True,359.4,0.625,0.649,2,1.0,2026-08-26T04:00:00+00:00,2026-08-26T07:00:00+00:00,7.58,4.58,5.0,0.5,57.0,0.36,0.14,2,15m-1787724000-1-5d0cb0,True,1,0.0,2026-08-26T07:00:00+00:00,True,1,1,0.0,False,1.297,False,2026-08-26T11:35:00+00:00,True,1.447,-0.833,220.0,72,True,False,True,True,0.625,trail_stop,0.75,take_profit,1.0,take_profit,1.25,take_profit,-1.0,stop_loss,-1.0,stop_loss,0.5,trail_stop,-1.0,stop_loss,0.0,trail_stop,0.0,trail_stop,0.0,trail_stop,trailed_winner
2238351221,XAUUSD,short,aggressive_liquidation,Loss,stop_loss,f8fed4e56e451475,2026-08-26T12:15:23.239000+00:00,2026-08-26T17:45:23.239000+05:30,2026-08-26T12:30:00.289000+00:00,12,Wed,0.04,4625.868,4631.138,4528.395,5.27,5270.0,-2215.68,2714.1,liquidity_pool_plus_buffer,15m-1787732100--1-593b0a,4h-1787256000-1-c8ecb3,14.92,260.0,4.03,0.0806,1.0,True,14.6,-0.816,-1.0,1,1.0,2026-08-21T08:00:00+00:00,2026-08-26T09:30:00+00:00,124.25,2.75,10.0,0.705,3716.0,-0.02,0.315,14,15m-1787584500--1-8f9f8e,False,10,8.991,2026-08-24T16:00:00+00:00,False,0,0,,False,,False,2026-08-26T12:15:00+00:00,True,2.554,-1.485,15.0,4,True,True,True,True,-1.0,stop_loss,-1.0,stop_loss,-1.0,stop_loss,-1.0,stop_loss,-1.0,stop_loss,-1.0,stop_loss,-1.0,stop_loss,-1.0,stop_loss,-1.0,stop_loss,-1.0,stop_loss,-1.0,stop_loss,ran_past_partial_then_lost
2238706622,NZDCHF,short,aggressive_liquidation,Profit,stop_loss,8cb663778cfae12b,2026-08-26T12:40:19.814000+00:00,2026-08-26T18:10:19.814000+05:30,2026-08-26T15:25:00.684000+00:00,12,Wed,0.32,0.47882,0.47922,0.47544,0.0004,40.0,1893.41,2333.62,15m_zone_distal_plus_buffer,15m-1787702400--1-b1ccf4,4h-1787212800-1-fa95e4,5.78,14.0,25.09,0.5019,1.0,False,164.7,0.811,1.163,2,1.0,2026-08-21T04:00:00+00:00,2026-08-26T02:00:00+00:00,128.67,10.67,10.0,0.45,18.0,0.5,0.05,17,15m-1787702400--1-b1ccf4,True,1,0.0,2026-08-26T02:00:00+00:00,True,1,2,1.0,True,1.51,False,2026-08-26T12:40:00+00:00,True,1.55,-0.75,155.0,34,True,True,True,True,1.125,trail_stop,0.75,take_profit,1.0,take_profit,1.25,take_profit,-1.0,stop_loss,-1.0,stop_loss,0.5,trail_stop,1.0,trail_stop,0.0,trail_stop,0.0,trail_stop,0.0,trail_stop,trailed_winner
2239725524,XAUUSD,short,aggressive_liquidation,Loss,stop_loss,b97e6a82590cce93,2026-08-26T13:55:17.400000+00:00,2026-08-26T19:25:17.400000+05:30,2026-08-26T14:00:08.871000+00:00,13,Wed,0.04,4624.335,4633.666,4528.395,9.331,9331.0,-3921.77,4737.7,liquidity_pool_plus_buffer,15m-1787746500--1-f70308,4h-1787256000-1-c8ecb3,8.34,260.0,2.31,0.0461,1.0,True,4.9,-0.828,-1.0,1,1.0,2026-08-21T08:00:00+00:00,2026-08-26T13:00:00+00:00,125.92,0.92,5.0,0.599,5588.0,0.107,0.294,15,15m-1787584500--1-8f9f8e,False,11,5.124,2026-08-24T16:00:00+00:00,False,0,0,,False,,False,2026-08-26T13:55:00+00:00,True,0.148,-1.001,5.0,2,False,False,False,False,-1.0,stop_loss,-1.0,stop_loss,-1.0,stop_loss,-1.0,stop_loss,-1.0,stop_loss,-1.0,stop_loss,-1.0,stop_loss,-1.0,stop_loss,-1.0,stop_loss,-1.0,stop_loss,-1.0,stop_loss,stopped_never_our_way
2240105070,NZDJPY,long,aggressive_liquidation,Loss,stop_loss,32e0bdfbbb5d8cf8,2026-08-26T14:35:17.842000+00:00,2026-08-26T20:05:17.842000+05:30,2026-08-26T14:57:34.960000+00:00,14,Wed,0.32,94.675,94.585,95.059,0.09,90.0,-1898.53,1697.26,15m_zone_distal_plus_buffer,15m-1787728500-1-4dd425,4h-1787673600--1-fe46ad,4.89,14.0,17.4,0.348,1.0,False,22.3,-1.119,-1.0,1,1.0,2026-08-26T04:00:00+00:00,2026-08-26T08:15:00+00:00,10.58,6.33,0.0,0.411,37.0,0.533,0.056,2,15m-1787728500-1-4dd425,True,1,0.0,2026-08-26T08:15:00+00:00,False,0,0,,False,,False,2026-08-26T14:35:00+00:00,True,-0.044,-1.189,0.0,5,False,False,False,False,-1.0,stop_loss,-1.0,stop_loss,-1.0,stop_loss,-1.0,stop_loss,-1.0,stop_loss,-1.0,stop_loss,-1.0,stop_loss,-1.0,stop_loss,-1.0,stop_loss,-1.0,stop_loss,-1.0,stop_loss,stopped_never_our_way
2241264010,GBPAUD,long,aggressive_liquidation,Loss,stop_loss,6051a0fc6dd6e563,2026-08-26T16:30:14.698000+00:00,2026-08-26T22:00:14.698000+05:30,2026-08-26T21:50:06.706000+00:00,16,Wed,0.13,1.89588,1.89472,1.90503,0.00116,116.0,-1139.35,1209.95,liquidity_pool_plus_buffer,15m-1787753700-1-012ba1,4h-1787673600--1-3209b6,7.35,21.0,17.01,0.3402,1.0,True,319.9,-0.942,-1.0,1,1.0,2026-08-26T04:00:00+00:00,2026-08-26T15:15:00+00:00,12.5,1.25,5.0,0.716,83.0,0.147,0.138,1,15m-1787753700-1-012ba1,True,1,0.0,2026-08-26T15:15:00+00:00,False,0,0,,False,,False,2026-08-26T16:30:00+00:00,True,0.138,-1.595,15.0,64,False,False,False,False,-1.0,stop_loss,-1.0,stop_loss,-1.0,stop_loss,-1.0,stop_loss,-1.0,stop_loss,-1.0,stop_loss,-1.0,stop_loss,-1.0,stop_loss,-1.0,stop_loss,-1.0,stop_loss,-1.0,stop_loss,stopped_never_our_way
2241352320,AUDJPY,short,aggressive_liquidation,Loss,stop_loss,06f887a64d2bacdc,2026-08-26T16:40:40.798000+00:00,2026-08-26T22:10:40.798000+05:30,2026-08-26T17:28:02.209000+00:00,16,Wed,0.27,114.242,114.333,113.932,0.091,91.0,-1621.73,1663.79,liquidity_pool_plus_buffer,15m-1787754600--1-1a04a3,4h-1787630400-1-719b3a,3.29,11.0,11.77,0.2355,1.0,True,47.4,-0.975,-1.0,1,1.0,2026-08-26T00:00:00+00:00,2026-08-26T15:00:00+00:00,16.67,1.67,5.0,0.549,50.0,0.385,0.066,3,15m-1787754600--1-1a04a3,True,1,0.0,2026-08-26T15:00:00+00:00,False,0,0,,False,,False,2026-08-26T16:40:00+00:00,True,-0.044,-1.033,5.0,10,False,False,False,False,-1.0,stop_loss,-1.0,stop_loss,-1.0,stop_loss,-1.0,stop_loss,-1.0,stop_loss,-1.0,stop_loss,-1.0,stop_loss,-1.0,stop_loss,-1.0,stop_loss,-1.0,stop_loss,-1.0,stop_loss,stopped_never_our_way
2242177972,AUDNZD,short,aggressive_liquidation,Loss,stop_loss,38da98bef10f6f13,2026-08-26T19:05:18.017000+00:00,2026-08-27T00:35:18.017000+05:30,2026-08-26T22:00:05.363000+00:00,19,Wed,0.27,1.20668,1.20731,1.19894,0.00063,63.0,-1064.78,1234.17,liquidity_pool_plus_buffer,15m-1787761800--1-3c5417,4h-1787673600-1-0aeaaf,10.46,18.0,24.63,0.4927,1.0,True,174.8,-0.863,-1.0,1,1.0,2026-08-26T04:00:00+00:00,2026-08-26T17:15:00+00:00,15.08,1.83,85.0,0.222,14.0,0.571,0.206,1,15m-1787761800--1-3c5417,True,1,0.0,2026-08-26T17:15:00+00:00,False,0,0,,False,,False,2026-08-26T19:05:00+00:00,True,0.0,-0.921,40.0,36,False,False,False,False,-1.0,stop_loss,-1.0,stop_loss,-1.0,stop_loss,-1.0,stop_loss,-1.0,stop_loss,-1.0,stop_loss,-1.0,stop_loss,-1.0,stop_loss,-1.0,stop_loss,-1.0,stop_loss,-1.0,stop_loss,stopped_never_our_way
2245798310,AUDCAD,short,aggressive_liquidation,Profit,stop_loss,20c27628a20b2c1d,2026-08-27T08:35:22.806000+00:00,2026-08-27T14:05:22.806000+05:30,2026-08-27T10:55:57.189000+00:00,8,Thu,0.27,0.9971,0.99781,0.99138,0.00071,71.0,910.42,1677.69,15m_zone_distal_plus_buffer,15m-1787814000--1-f78ae6,4h-1787659200-1-7ebc50,6.84,18.0,21.96,0.4392,1.0,False,140.6,0.543,0.644,2,1.0,2026-08-26T04:00:00+00:00,2026-08-27T08:00:00+00:00,28.58,0.58,5.0,0.38,27.0,0.549,0.07,5,15m-1787814000--1-f78ae6,True,1,0.0,2026-08-27T08:00:00+00:00,True,1,1,0.0,False,1.352,False,2026-08-27T08:35:00+00:00,True,1.38,-0.535,85.0,29,True,False,True,True,0.625,trail_stop,0.75,take_profit,1.0,take_profit,1.25,take_profit,-1.0,stop_loss,-1.0,stop_loss,0.5,trail_stop,-1.0,stop_loss,0.0,trail_stop,0.0,trail_stop,0.0,trail_stop,trailed_winner
2245823456,USDCAD,short,aggressive_liquidation,Profit,stop_loss,5a44d55a64a25885,2026-08-27T08:40:27.287000+00:00,2026-08-27T14:10:27.287000+05:30,2026-08-27T12:13:46.089000+00:00,8,Thu,0.19,1.38825,1.38902,1.38628,0.00077,77.0,1224.56,1323.01,liquidity_pool_plus_buffer,15m-1787816700--1-f8ec8d,4h-1787731200-1-724f86,1.98,14.0,15.24,0.3047,1.0,True,213.3,0.926,1.135,2,1.0,2026-08-26T16:00:00+00:00,2026-08-27T08:15:00+00:00,16.67,0.42,15.0,0.545,42.0,0.0,0.455,3,15m-1787816700--1-f8ec8d,True,1,0.0,2026-08-27T08:15:00+00:00,True,1,2,1.0,True,1.69,False,2026-08-27T08:40:00+00:00,True,1.844,-0.792,200.0,43,True,True,True,True,1.125,trail_stop,0.75,take_profit,1.0,take_profit,1.25,take_profit,2.0,take_profit,2.558,take_profit,1.0,trail_stop,1.0,trail_stop,1.0,trail_stop,1.0,trail_stop,2.0,take_profit,trailed_winner
2246723445,AUDUSD,short,aggressive_liquidation,Loss,stop_loss,1356c23f7435cd4a,2026-08-27T10:40:12.321000+00:00,2026-08-27T16:10:12.321000+05:30,2026-08-27T11:21:01.478000+00:00,10,Thu,0.27,0.71765,0.71813,0.71505,0.00048,48.0,-1361.44,1338.5,liquidity_pool_plus_buffer,15m-1787822100--1-f7c134,4h-1787630400-1-593b9c,5.52,9.0,19.08,0.3815,1.0,True,40.8,-1.017,-1.0,1,1.0,2026-08-25T16:00:00+00:00,2026-08-27T09:45:00+00:00,42.67,0.92,20.0,0.333,16.0,0.583,0.083,7,15m-1787746500--1-c04a9a,False,3,1.312,2026-08-26T13:00:00+00:00,False,0,0,,False,,False,2026-08-27T10:40:00+00:00,True,-0.188,-1.042,0.0,9,False,False,False,False,-1.0,stop_loss,-1.0,stop_loss,-1.0,stop_loss,-1.0,stop_loss,-1.0,stop_loss,-1.0,stop_loss,-1.0,stop_loss,-1.0,stop_loss,-1.0,stop_loss,-1.0,stop_loss,-1.0,stop_loss,stopped_never_our_way
2246909612,AUDCAD,short,aggressive_liquidation,Loss,stop_loss,4290d53d95505f4c,2026-08-27T11:05:24.580000+00:00,2026-08-27T16:35:24.580000+05:30,2026-08-27T12:17:37.945000+00:00,11,Thu,0.27,0.99646,0.99765,0.99138,0.00119,119.0,-2431.18,2656.25,liquidity_pool_plus_buffer,15m-1787818500--1-a42864,4h-1787659200-1-7ebc50,3.82,18.0,13.85,0.277,1.0,True,72.2,-0.915,-1.0,1,1.0,2026-08-26T04:00:00+00:00,2026-08-27T09:15:00+00:00,31.08,1.83,5.0,0.504,60.0,0.395,0.101,7,15m-1787814000--1-f78ae6,False,2,0.471,2026-08-27T08:00:00+00:00,False,0,0,,False,,False,2026-08-27T11:05:00+00:00,True,0.151,-1.017,40.0,15,False,False,False,False,-1.0,stop_loss,-1.0,stop_loss,-1.0,stop_loss,-1.0,stop_loss,-1.0,stop_loss,-1.0,stop_loss,-1.0,stop_loss,-1.0,stop_loss,-1.0,stop_loss,-1.0,stop_loss,-1.0,stop_loss,stopped_never_our_way
2246932738,EURGBP,short,conservative_mss,Loss,stop_loss,3373591a49aae8fb,2026-08-27T11:10:14.645000+00:00,2026-08-27T16:40:14.645000+05:30,2026-08-27T12:53:42.146000+00:00,11,Thu,0.16,0.85724,0.85773,0.85546,0.00049,49.0,-1117.63,1280.91,liquidity_pool_plus_buffer,15m-1787824800--1-63e1c2,4h-1787702400-1-8d13fa,3.04,13.0,23.18,0.4637,1.0,True,103.5,-0.873,-1.0,1,1.0,2026-08-26T16:00:00+00:00,2026-08-27T11:00:00+00:00,19.17,0.17,5.0,0.306,15.0,0.49,0.204,2,15m-1787824800--1-63e1c2,True,1,0.0,2026-08-27T11:00:00+00:00,False,0,0,,False,,False,2026-08-27T11:10:00+00:00,True,0.245,-1.0,10.0,21,False,False,False,False,-1.0,stop_loss,-1.0,stop_loss,-1.0,stop_loss,-1.0,stop_loss,-1.0,stop_loss,-1.0,stop_loss,-1.0,stop_loss,-1.0,stop_loss,-1.0,stop_loss,-1.0,stop_loss,-1.0,stop_loss,stopped_never_our_way
2248923114,GBPJPY,long,aggressive_liquidation,Loss,stop_loss,00d0b824b0d76b86,2026-08-27T14:35:15.901000+00:00,2026-08-27T20:05:15.901000+05:30,2026-08-27T14:55:35.270000+00:00,14,Thu,0.14,216.471,216.345,216.747,0.126,126.0,-1162.48,1186.77,15m_zone_distal_plus_buffer,15m-1787834700-1-09f47a,4h-1787731200--1-c91a91,2.12,22.0,17.1,0.342,1.0,False,20.3,-0.98,-1.0,1,1.0,2026-08-26T16:00:00+00:00,2026-08-27T13:15:00+00:00,22.58,1.33,5.0,0.73,92.0,0.183,0.087,2,15m-1787792400-1-63924b,False,2,0.881,2026-08-27T02:30:00+00:00,False,0,0,,False,,False,2026-08-27T14:35:00+00:00,True,0.04,-1.468,5.0,5,False,False,False,False,-1.0,stop_loss,-1.0,stop_loss,-1.0,stop_loss,-1.0,stop_loss,-1.0,stop_loss,-1.0,stop_loss,-1.0,stop_loss,-1.0,stop_loss,-1.0,stop_loss,-1.0,stop_loss,-1.0,stop_loss,stopped_never_our_way
2249163508,GBPNZD,long,aggressive_liquidation,Loss,stop_loss,2120e88067992103,2026-08-27T14:55:26.246000+00:00,2026-08-27T20:25:26.246000+05:30,2026-08-28T01:30:44.387000+00:00,14,Thu,0.14,2.2834,2.28068,2.2928100000000002,0.00272,272.0,-2384.13,2193.38,15m_zone_distal_plus_buffer,15m-1787694300-1-28781c,4h-1787241600--1-d99482,3.84,24.0,9.57,0.1914,1.0,False,635.3,-1.087,-1.0,1,1.0,2026-08-21T12:00:00+00:00,2026-08-25T22:15:00+00:00,146.92,40.67,175.0,0.478,130.0,0.482,0.04,22,15m-1787321700-1-aad210,False,3,0.327,2026-08-21T14:45:00+00:00,False,0,0,,False,,False,2026-08-27T14:55:00+00:00,True,0.699,-1.033,100.0,127,False,False,False,True,-1.0,stop_loss,-1.0,stop_loss,-1.0,stop_loss,-1.0,stop_loss,-1.0,stop_loss,-1.0,stop_loss,-1.0,stop_loss,-1.0,stop_loss,-1.0,stop_loss,-1.0,stop_loss,-1.0,stop_loss,ran_then_reverted_before_partial
2250339909,EURCHF,long,aggressive_liquidation,Loss,stop_loss,4644d275cf34f1c8,2026-08-27T17:50:12.950000+00:00,2026-08-27T23:20:12.950000+05:30,2026-08-27T21:59:46.037000+00:00,17,Thu,0.16,0.93679,0.93618,0.93868,0.00061,61.0,-1275.46,1126.36,liquidity_pool_plus_buffer,15m-1787847300-1-e7e10d,4h-1787803200--1-1f64a4,3.64,16.0,29.7,0.5941,1.0,True,249.6,-1.132,-1.0,1,1.0,2026-08-27T12:00:00+00:00,2026-08-27T17:15:00+00:00,5.83,0.58,30.0,0.344,21.0,0.475,0.18,1,15m-1787847300-1-e7e10d,True,1,0.0,2026-08-27T17:15:00+00:00,False,0,0,,False,,False,2026-08-27T17:50:00+00:00,True,0.344,-1.279,175.0,50,False,False,False,False,-1.0,stop_loss,-1.0,stop_loss,-1.0,stop_loss,-1.0,stop_loss,-1.0,stop_loss,-1.0,stop_loss,-1.0,stop_loss,-1.0,stop_loss,-1.0,stop_loss,-1.0,stop_loss,-1.0,stop_loss,ran_then_reverted_before_partial
2251184276,EURCAD,long,conservative_mss,Loss,stop_loss,0f8f7fd709cb928f,2026-08-27T20:55:15.270000+00:00,2026-08-28T02:25:15.270000+05:30,2026-08-28T02:31:49.133000+00:00,20,Thu,0.16,1.6145,1.61326,1.61696,0.00124,124.0,-1504.47,1505.67,liquidity_pool_plus_buffer,15m-1787859900-1-59d0a2,4h-1787788800--1-3b40e0,1.98,15.0,12.08,0.2417,1.0,True,336.6,-0.999,-1.0,1,1.0,2026-08-27T12:00:00+00:00,2026-08-27T20:45:00+00:00,8.92,0.17,5.0,0.476,59.0,0.315,0.21,1,15m-1787859900-1-59d0a2,True,1,0.0,2026-08-27T20:45:00+00:00,False,0,0,,False,,False,2026-08-27T20:55:00+00:00,True,-0.065,-1.048,0.0,68,False,False,False,False,-1.0,stop_loss,-1.0,stop_loss,-1.0,stop_loss,-1.0,stop_loss,-1.0,stop_loss,-1.0,stop_loss,-1.0,stop_loss,-1.0,stop_loss,-1.0,stop_loss,-1.0,stop_loss,-1.0,stop_loss,stopped_never_our_way
2251314096,GBPCAD,long,aggressive_liquidation,Loss,stop_loss,8971dfa6d2e42023,2026-08-27T22:10:17.578000+00:00,2026-08-28T03:40:17.578000+05:30,2026-08-28T05:31:09.682000+00:00,22,Thu,0.14,1.88326,1.88194,1.88625,0.00132,132.0,-1401.2,1336.09,liquidity_pool_plus_buffer,15m-1787859900-1-5f8c2f,4h-1787760000--1-b09604,2.43,28.0,22.25,0.4451,1.0,True,440.9,-1.049,-1.0,1,1.0,2026-08-27T12:00:00+00:00,2026-08-27T20:45:00+00:00,10.17,1.42,20.0,0.386,51.0,0.515,0.098,2,15m-1787859900-1-5f8c2f,True,1,0.0,2026-08-27T20:45:00+00:00,False,0,0,,False,,False,2026-08-27T22:10:00+00:00,True,0.076,-1.023,85.0,89,False,False,False,False,-1.0,stop_loss,-1.0,stop_loss,-1.0,stop_loss,-1.0,stop_loss,-1.0,stop_loss,-1.0,stop_loss,-1.0,stop_loss,-1.0,stop_loss,-1.0,stop_loss,-1.0,stop_loss,-1.0,stop_loss,stopped_never_our_way
2255575169,EURUSD,long,aggressive_liquidation,Profit,stop_loss,a92fcf98b9157e34,2026-08-28T12:45:16.205000+00:00,2026-08-28T18:15:16.205000+05:30,2026-08-28T13:05:19.935000+00:00,12,Fri,0.16,1.16417,1.16382,1.16644,0.00035,35.0,801.82,615.07,swept_wick_plus_buffer,15m-1787910300-1-ce7094,4h-1787716800--1-b1e4e5,6.15,8.0,21.83,0.4367,1.0,False,20.1,1.304,1.4,2,1.0,2026-08-26T16:00:00+00:00,2026-08-28T11:00:00+00:00,44.75,1.75,10.0,0.543,19.0,0.114,0.343,9,15m-1787910300-1-ce7094,True,1,0.0,2026-08-28T11:00:00+00:00,True,1,2,1.5,True,2.125,False,2026-08-28T12:45:00+00:00,True,2.371,-0.257,10.0,5,True,True,True,True,1.375,trail_stop,0.75,take_profit,1.0,take_profit,1.25,take_profit,2.0,take_profit,-1.0,stop_loss,1.25,trail_stop,1.5,trail_stop,1.5,trail_stop,1.5,trail_stop,2.0,take_profit,trailed_winner
2255677378,GBPUSD,long,aggressive_liquidation,Loss,stop_loss,76e590ef396fb9af,2026-08-28T12:55:24.200000+00:00,2026-08-28T18:25:24.200000+05:30,2026-08-28T13:59:59.356000+00:00,12,Fri,0.14,1.35846,1.35724,1.3639299999999999,0.00122,122.0,-1792.77,1272.3,15m_zone_distal_plus_buffer,15m-1787834700-1-49c8cb,4h-1787673600--1-a2c3ef,6.72,10.0,11.55,0.231,1.0,False,64.6,-1.409,-1.0,1,1.0,2026-08-26T16:00:00+00:00,2026-08-27T13:15:00+00:00,44.92,23.67,20.0,0.426,52.0,0.516,0.057,5,15m-1787834700-1-49c8cb,True,1,0.0,2026-08-27T13:15:00+00:00,False,0,0,,False,,False,2026-08-28T12:55:00+00:00,True,0.23,-1.057,60.0,13,False,False,False,False,-1.0,stop_loss,-1.0,stop_loss,-1.0,stop_loss,-1.0,stop_loss,-1.0,stop_loss,-1.0,stop_loss,-1.0,stop_loss,-1.0,stop_loss,-1.0,stop_loss,-1.0,stop_loss,-1.0,stop_loss,stopped_never_our_way
2255946610,USDJPY,short,aggressive_liquidation,Profit,stop_loss,06f72595826c67ae,2026-08-28T13:20:27.098000+00:00,2026-08-28T18:50:27.098000+05:30,2026-08-28T13:59:40.974000+00:00,13,Fri,0.19,159.632,159.684,159.408,0.052,52.0,714.0,767.97,liquidity_pool_plus_buffer,15m-1787918400--1-22f2fa,4h-1787860800-1-345f73,3.5,10.0,16.27,0.3254,1.0,True,39.2,0.93,1.128,2,1.0,2026-08-28T12:00:00+00:00,2026-08-28T12:30:00+00:00,1.33,0.83,0.0,0.538,28.0,0.288,0.173,1,15m-1787918400--1-22f2fa,True,1,0.0,2026-08-28T12:30:00+00:00,True,1,2,1.0,True,1.581,False,2026-08-28T13:20:00+00:00,True,1.731,-1.635,35.0,8,True,True,True,True,-1.0,stop_loss,-1.0,stop_loss,-1.0,stop_loss,-1.0,stop_loss,-1.0,stop_loss,-1.0,stop_loss,-1.0,stop_loss,-1.0,stop_loss,-1.0,stop_loss,-1.0,stop_loss,-1.0,stop_loss,trailed_winner
2255947389,EURCAD,long,aggressive_liquidation,Loss,stop_loss,3c15ae09199c2951,2026-08-28T13:20:32.647000+00:00,2026-08-28T18:50:32.647000+05:30,2026-08-28T13:25:41.794000+00:00,13,Fri,0.16,1.61309,1.6124100000000001,1.61696,0.00068,68.0,-824.57,880.52,liquidity_pool_plus_buffer,15m-1787920200-1-54d14d,4h-1787788800--1-3b40e0,5.26,15.0,20.65,0.4131,1.0,True,5.2,-0.936,-1.0,1,1.0,2026-08-27T12:00:00+00:00,2026-08-28T13:00:00+00:00,25.33,0.33,5.0,0.221,15.0,0.515,0.265,3,15m-1787920200-1-54d14d,True,1,0.0,2026-08-28T13:00:00+00:00,False,0,0,,False,,False,2026-08-28T13:20:00+00:00,True,-0.221,-1.191,0.0,2,False,False,False,False,-1.0,stop_loss,-1.0,stop_loss,-1.0,stop_loss,-1.0,stop_loss,-1.0,stop_loss,-1.0,stop_loss,-1.0,stop_loss,-1.0,stop_loss,-1.0,stop_loss,-1.0,stop_loss,-1.0,stop_loss,stopped_never_our_way
2256276717,EURUSD,long,aggressive_liquidation,Loss,stop_loss,331c4c17a5b9b990,2026-08-28T13:55:19.874000+00:00,2026-08-28T19:25:19.874000+05:30,2026-08-28T13:59:58.952000+00:00,13,Fri,0.16,1.1643,1.16382,1.16644,0.00048,48.0,-806.12,766.24,liquidity_pool_plus_buffer,15m-1787920200-1-d3145f,4h-1787716800--1-b1e4e5,4.74,8.0,17.53,0.3506,1.0,True,4.7,-1.052,-1.0,1,1.0,2026-08-26T16:00:00+00:00,2026-08-28T13:00:00+00:00,45.92,0.92,25.0,0.708,34.0,0.167,0.125,10,15m-1787910300-1-ce7094,False,3,0.187,2026-08-28T11:00:00+00:00,False,0,0,,False,,False,2026-08-28T13:55:00+00:00,True,0.75,-1.313,0.0,1,False,False,False,True,-1.0,stop_loss,-1.0,stop_loss,-1.0,stop_loss,-1.0,stop_loss,-1.0,stop_loss,-1.0,stop_loss,-1.0,stop_loss,-1.0,stop_loss,-1.0,stop_loss,-1.0,stop_loss,-1.0,stop_loss,ran_then_reverted_before_partial
2257697196,GBPAUD,long,aggressive_liquidation,Profit,stop_loss,85e14dbb91fde217,2026-08-28T14:40:16.177000+00:00,2026-08-28T20:10:16.177000+05:30,2026-08-28T14:57:43.098000+00:00,14,Fri,0.14,1.88722,1.8858899999999998,1.89173,0.00133,133.0,1980.83,1622.43,liquidity_pool_plus_buffer,15m-1787923800-1-077328,4h-1787803200--1-f90eed,2.8,21.0,13.65,0.273,1.0,True,17.4,1.221,1.447,2,1.0,2026-08-27T12:00:00+00:00,2026-08-28T14:15:00+00:00,26.67,0.42,0.0,0.331,44.0,0.451,0.218,6,15m-1787923800-1-077328,True,1,0.0,2026-08-28T14:15:00+00:00,True,1,3,1.5,True,2.039,False,2026-08-28T14:40:00+00:00,True,2.098,-0.211,15.0,4,True,True,True,True,1.375,trail_stop,0.75,take_profit,1.0,take_profit,1.25,take_profit,2.0,take_profit,3.391,take_profit,1.25,trail_stop,1.5,trail_stop,1.5,trail_stop,1.5,trail_stop,2.0,take_profit,trailed_winner
2258166836,AUDJPY,short,aggressive_liquidation,Profit,stop_loss,23fb19715514005a,2026-08-28T15:10:21.461000+00:00,2026-08-28T20:40:21.461000+05:30,2026-08-28T19:41:50.461000+00:00,15,Fri,0.27,114.763,114.957,114.445,0.194,194.0,1314.39,3474.34,liquidity_pool_plus_buffer,15m-1787923800--1-2cde09,4h-1787803200-1-b46d37,1.61,11.0,5.61,0.1123,1.0,True,271.5,0.378,0.392,1,1.0,2026-08-27T12:00:00+00:00,2026-08-28T14:15:00+00:00,27.17,0.92,10.0,0.17,33.0,0.644,0.186,4,15m-1787923800--1-2cde09,True,1,0.0,2026-08-28T14:15:00+00:00,False,0,0,,False,,False,2026-08-28T15:10:00+00:00,True,0.887,-0.216,70.0,55,False,False,False,True,0.629,archive_end,0.75,take_profit,0.629,archive_end,0.629,archive_end,0.629,archive_end,0.629,archive_end,0.629,archive_end,0.629,archive_end,0.629,archive_end,0.629,archive_end,0.629,archive_end,partial_winner
2259685820,EURAUD,long,aggressive_liquidation,Loss,stop_loss,6f0fefbc5da7e24d,2026-08-28T16:35:25.993000+00:00,2026-08-28T22:05:25.993000+05:30,2026-08-28T20:58:46.802000+00:00,16,Fri,0.16,1.61828,1.61701,1.62249,0.00127,127.0,-1528.98,1667.72,liquidity_pool_plus_buffer,15m-1787930100-1-b60538,4h-1787803200--1-0d51f1,2.95,17.0,12.26,0.2452,1.0,True,263.3,-0.917,-1.0,1,1.0,2026-08-27T12:00:00+00:00,2026-08-28T16:00:00+00:00,28.58,0.58,20.0,0.63,80.0,0.15,0.22,6,15m-1787889600-1-36b8ea,False,2,0.701,2026-08-28T05:15:00+00:00,False,0,0,,False,,False,2026-08-28T16:35:00+00:00,True,0.268,-1.0,5.0,53,False,False,False,False,-1.0,stop_loss,-1.0,stop_loss,-1.0,stop_loss,-1.0,stop_loss,-1.0,stop_loss,-1.0,stop_loss,-1.0,stop_loss,-1.0,stop_loss,-1.0,stop_loss,-1.0,stop_loss,-1.0,stop_loss,ran_then_reverted_before_partial
2260128445,GBPCAD,long,aggressive_liquidation,Open,,723679b787571098,2026-08-28T17:15:15.557000+00:00,2026-08-28T22:45:15.557000+05:30,2026-08-29T16:57:21+00:00,17,Fri,0.14,1.8817,1.87955,1.88625,0.00215,215.0,,2283.37,liquidity_pool_plus_buffer,15m-1787926500-1-9ad13d,4h-1787760000--1-b09604,2.11,18.0,8.34,0.1668,1.0,True,1422.1,,,0,0.0,2026-08-27T12:00:00+00:00,2026-08-28T15:00:00+00:00,29.25,2.25,40.0,0.958,206.0,-0.088,0.13,7,15m-1787922000-1-1c672f,False,2,0.116,2026-08-28T14:15:00+00:00,False,0,0,,False,,False,2026-08-28T17:15:00+00:00,True,0.33,-0.34,180.0,45,False,False,False,False,-0.093,archive_end,-0.093,archive_end,-0.093,archive_end,-0.093,archive_end,-0.093,archive_end,-0.093,archive_end,-0.093,archive_end,-0.093,archive_end,-0.093,archive_end,-0.093,archive_end,-0.093,archive_end,unresolved
2260636635,AUDCAD,short,aggressive_liquidation,Loss,stop_loss,532d914bf6a79d0a,2026-08-28T18:20:34.048000+00:00,2026-08-28T23:50:34.048000+05:30,2026-08-28T19:32:40.609000+00:00,18,Fri,0.27,0.99519,0.99584,0.99138,0.00065,65.0,-1326.4,1467.37,liquidity_pool_plus_buffer,15m-1787932800--1-0a6533,4h-1787659200-1-7ebc50,5.2,18.0,25.02,0.5003,1.0,True,72.1,-0.904,-1.0,1,1.0,2026-08-26T04:00:00+00:00,2026-08-28T16:30:00+00:00,62.33,1.83,105.0,0.462,30.0,0.462,0.077,13,15m-1787814000--1-f78ae6,False,10,3.077,2026-08-27T08:00:00+00:00,False,0,0,,False,,False,2026-08-28T18:20:00+00:00,True,0.0,-1.138,0.0,15,False,False,False,False,-1.0,stop_loss,-1.0,stop_loss,-1.0,stop_loss,-1.0,stop_loss,-1.0,stop_loss,-1.0,stop_loss,-1.0,stop_loss,-1.0,stop_loss,-1.0,stop_loss,-1.0,stop_loss,-1.0,stop_loss,stopped_never_our_way
2261342606,EURCAD,long,aggressive_liquidation,Loss,stop_loss,c2fc08c31542c706,2026-08-28T20:35:24.043000+00:00,2026-08-29T02:05:24.043000+05:30,2026-08-28T20:58:44.396000+00:00,20,Fri,0.16,1.61066,1.61014,1.61696,0.00052,52.0,-628.82,714.78,liquidity_pool_plus_buffer,15m-1787942700-1-bf35ce,4h-1787788800--1-3b40e0,10.54,15.0,25.38,0.5076,1.0,True,23.3,-0.88,-1.0,1,1.0,2026-08-27T12:00:00+00:00,2026-08-28T20:00:00+00:00,32.58,0.58,10.0,0.365,19.0,0.404,0.231,4,15m-1787942700-1-bf35ce,True,1,0.0,2026-08-28T20:00:00+00:00,False,0,0,,False,,False,2026-08-28T20:35:00+00:00,True,0.231,-1.538,5.0,5,False,False,False,False,-1.0,stop_loss,-1.0,stop_loss,-1.0,stop_loss,-1.0,stop_loss,-1.0,stop_loss,-1.0,stop_loss,-1.0,stop_loss,-1.0,stop_loss,-1.0,stop_loss,-1.0,stop_loss,-1.0,stop_loss,stopped_never_our_way
