position_id,signal_id,symbol,direction,model,entry_utc,entry_ist_date,signal_close_utc,entry_price,original_stop,destination_target,broker_target,risk_price,risk_points,destination_target_matches_broker_tp,destination_zone_id,entry_zone_id,destination_rr_signal,destination_rr_fill,model_aggressive,direction_long,used_liquidity_pool_stop,spread_pct_of_risk,round_trip_cost_r,stop_multiple_vs_structural,destination_before_original_stop,destination_label_status,label_start_bar_utc,label_resolution_bar_utc,label_bars_observed,destination_only_r,fill_adverse_slippage_signal_r,destination_confirmation_age_h,destination_origin_age_h,destination_origin_to_bos_bars_4h,entry_zone_age_h,entry_zone_origin_to_bos_bars_15m,alert_to_signal_minutes,destination_width_r,destination_width_signal_r,entry_zone_width_r,fill_beyond_entry_proximal_r,stop_pad_beyond_distal_r,campaign_actionable_count,entry_is_logged_running_extreme,running_extreme_filter_enabled,campaign_fields_available,same_direction_zones_since_destination,all_formed_gap_from_extreme_r,entry_is_extreme_all_formed,formed_opposing_15m_between_count,not_invalidated_opposing_15m_between_count,blocker_history_complete_count,nearest_blocker_distance_r,blocker_total_width_r,clear_path_no_surviving_15m_blocker,destination_prior_selection_count,destination_prior_distinct_entry_zones,hours_since_destination_last_selection,signal5m_body_dir_r,signal5m_range_r,signal5m_close_location,signal5m_rejection_wick_r,signal5m_opposing_wick_r,signal5m_range_vs_prior,signal5m_volume_vs_prior,signal5m_prior_momentum_r,signal5m_prior_range_mean_r,signal5m_spread_r,signal5m_sweep_depth_r,signal5m_close_beyond_confirmation_r,signal5m_zone_penetration_r,signal5m_rejection_from_extreme_r,zone15m_bos_body_dir_r,zone15m_bos_range_r,zone15m_bos_close_location,zone15m_bos_rejection_wick_r,zone15m_bos_opposing_wick_r,zone15m_bos_range_vs_prior,zone15m_bos_volume_vs_prior,zone15m_bos_prior_momentum_r,zone15m_bos_prior_range_mean_r,zone15m_bos_spread_r,zone15m_close_beyond_bos_r,destination4h_bos_body_dir_r,destination4h_bos_range_r,destination4h_bos_close_location,destination4h_bos_rejection_wick_r,destination4h_bos_opposing_wick_r,destination4h_bos_range_vs_prior,destination4h_bos_volume_vs_prior,destination4h_bos_prior_momentum_r,destination4h_bos_prior_range_mean_r,destination4h_bos_spread_r
2182526932,776697cd5ed29270,USDCAD,long,aggressive_liquidation,2026-08-18T22:00:23.219000+00:00,2026-08-19,2026-08-18T22:00:00+00:00,1.38964,1.3884400000000001,1.39479,1.39479,0.0012,120.0,True,4h-1786593600--1-33ac3d,15m-1787067000-1-f30153,5.69,4.292,True,True,False,16.86,0.3372,1.0,False,original_stop_first,2026-08-18T22:05:00+00:00,2026-08-19T02:15:00+00:00,51,-1.0,0.264,110.0,138.0,7.0,5.5,4.0,20.0,0.817,1.033,0.475,0.467,0.058,,,,False,13,3.267,False,26,26,1,0.175,6.283,False,4,4,4.83,0.0167,0.05,1.0,0.0333,0.0,0.4,0.3023,-0.0917,0.1208,0.2667,0.0333,0.0167,-0.15,0.05,,,,,,,,,,,,,,,,,,,,,
2182576578,6ba4fbc6c78a27e3,GBPUSD,short,aggressive_liquidation,2026-08-18T22:15:19.223000+00:00,2026-08-19,2026-08-18T22:15:00+00:00,1.35312,1.35337,1.34952,1.34952,0.00025,25.0,True,4h-1786636800-1-9bd316,15m-1787088600--1-633f21,10.14,14.4,True,False,False,28.96,0.5792,1.0,False,original_stop_first,2026-08-18T22:20:00+00:00,2026-08-18T22:50:00+00:00,7,-1.0,-0.2828,106.25,126.25,5.0,0.25,2.0,0.0,6.4,4.633,0.44,-0.44,1.0,,,,False,12,12.12,False,25,25,0,1.12,32.32,False,2,2,13.08,0.56,0.84,0.9048,0.2,0.08,1.0769,0.9116,-0.8,0.7867,0.4,0.58,0.18,1.16,0.76,1.12,1.28,1.0,0.16,0.0,2.0645,1.1579,0.24,0.62,1.68,0.08,,,,,,,,,,
2182576747,c7bbdb80b254b9be,AUDUSD,short,aggressive_liquidation,2026-08-18T22:15:24.395000+00:00,2026-08-19,2026-08-18T22:15:00+00:00,0.70845,0.7087,0.70631,0.70631,0.00025,25.0,True,4h-1786665600-1-c64153,15m-1787085900--1-204991,6.67,8.56,True,False,True,28.95,0.579,1.0,False,original_stop_first,2026-08-18T22:20:00+00:00,2026-08-19T12:30:00+00:00,171,-1.0,-0.2105,110.25,118.25,2.0,0.75,3.0,10.0,3.2,2.574,0.68,-0.24,0.56,,,,False,14,15.56,False,13,13,0,0.92,11.72,False,2,2,12.08,0.52,0.52,1.0,0.0,0.0,1.3684,0.7317,-1.36,0.4133,0.36,0.16,0.36,0.64,0.52,0.64,1.28,0.5313,0.04,0.6,1.6842,1.1765,0.12,0.79,1.84,0.32,,,,,,,,,,
2182685523,e5116b9b7f4177fb,GBPNZD,short,aggressive_liquidation,2026-08-18T22:50:28.818000+00:00,2026-08-19,2026-08-18T22:50:00+00:00,2.30246,2.3045,2.29499,2.29499,0.00204,204.0,True,4h-1786982400-1-501384,15m-1787085000--1-8e5430,3.41,3.662,True,False,True,26.91,0.5382,1.0,False,original_stop_first,2026-08-18T22:55:00+00:00,2026-08-18T23:30:00+00:00,8,-1.0,-0.0534,18.83,30.83,3.0,1.83,2.0,45.0,0.789,0.747,0.181,0.745,0.074,,,,False,3,0.0,True,30,30,0,0.059,9.363,False,0,0,,0.2941,0.3186,0.9231,0.0,0.0245,2.4074,0.8455,0.0735,0.152,0.2843,0.2108,0.0833,-0.4265,0.2941,0.5637,0.6225,0.9764,0.0441,0.0147,2.6458,0.9091,-0.1029,0.2341,0.1176,0.2794,,,,,,,,,,
2182707037,0365eb1af2975c50,EURUSD,short,aggressive_liquidation,2026-08-18T23:00:22.837000+00:00,2026-08-19,2026-08-18T23:00:00+00:00,1.15762,1.1581,1.15305,1.15305,0.00048,48.0,True,4h-1786636800-1-5e303b,15m-1787081400--1-ea0fc1,7.92,9.521,True,False,True,14.14,0.2828,1.0,False,original_stop_first,2026-08-18T23:05:00+00:00,2026-08-19T00:05:00+00:00,13,-1.0,-0.1553,111.0,127.0,4.0,2.75,3.0,5.0,1.354,1.149,0.896,-0.021,0.125,,,,False,14,6.208,False,43,43,0,0.396,27.813,False,1,1,33.75,0.0625,0.0625,1.0,0.0,0.0,0.4615,0.5263,-0.2917,0.1736,0.1667,0.0417,0.0208,0.0208,0.0625,0.3542,0.625,0.6,0.0208,0.25,0.7792,0.5993,0.2292,0.7552,0.1667,0.2917,,,,,,,,,,
2182892317,4b5bc5ffc5abf299,NZDCAD,long,aggressive_liquidation,2026-08-19T00:00:24.204000+00:00,2026-08-19,2026-08-19T00:00:00+00:00,0.81626,0.81555,0.81894,0.81894,0.00071,71.0,True,4h-1786996800--1-008e4b,15m-1787089500-1-ef232f,4.46,3.775,True,True,True,28.96,0.5792,1.0,False,original_stop_first,2026-08-19T00:05:00+00:00,2026-08-19T00:25:00+00:00,5,-1.0,0.1435,16.0,28.0,3.0,1.5,3.0,0.0,0.366,0.418,0.592,0.352,0.056,,,,False,3,1.437,False,19,19,1,0.31,8.085,False,0,0,,0.0141,0.169,0.8333,0.1268,0.0282,0.8571,1.2222,-0.3521,0.1878,0.2535,0.0423,0.0986,0.0,0.1408,0.4507,0.4648,0.9697,0.0,0.0141,0.7952,0.9368,-0.0141,0.5669,0.1831,0.338,,,,,,,,,,
2185775167,5740bc93081f18da,GBPJPY,long,aggressive_liquidation,2026-08-19T09:50:23.805000+00:00,2026-08-19,2026-08-19T09:50:00+00:00,215.729,215.63,216.013,216.013,0.099,99.0,True,4h-1787054400--1-469a82,15m-1787127300-1-8cfb2d,2.88,2.869,True,True,True,21.31,0.4261,1.0,False,original_stop_first,2026-08-19T09:55:00+00:00,2026-08-19T12:20:00+00:00,30,-1.0,0.0022,1.83,21.83,5.0,0.58,4.0,25.0,1.343,1.349,1.111,-0.444,0.333,,,,False,1,0.0,True,8,2,1,1.727,1.01,False,0,0,,0.2222,0.4646,0.6304,0.0707,0.1717,0.9388,0.9692,-1.2121,0.596,0.2121,0.0303,0.2626,1.0202,0.2929,0.8889,1.0505,1.0,0.1616,0.0,1.0667,0.9704,-0.3939,1.0025,0.2121,0.0505,0.4545,2.202,0.2752,0.1515,1.596,0.9932,1.5816,2.1616,2.2172,0.2121
2185883123,dbd2c2bafc59e5ad,AUDJPY,long,aggressive_liquidation,2026-08-19T10:10:22.561000+00:00,2026-08-19,2026-08-19T10:10:00+00:00,112.595,112.552,113.438,113.438,0.043,43.0,True,4h-1787040000--1-012ee8,15m-1787128200-1-f6600a,14.74,19.605,True,True,True,19.55,0.3911,1.0,False,original_stop_first,2026-08-19T10:15:00+00:00,2026-08-19T10:20:00+00:00,2,-1.0,-0.2423,14.17,26.17,3.0,1.17,2.0,5.0,2.581,1.973,1.0,-0.488,0.488,,,,False,1,0.0,True,18,9,3,4.163,6.767,False,0,0,,0.2791,0.814,0.4286,0.0698,0.4651,1.3208,0.7594,-1.907,0.6938,0.2558,0.2093,0.1395,1.1163,0.3488,0.8605,1.0233,0.9545,0.1163,0.0465,0.9778,0.7752,1.907,1.4826,0.2558,0.1395,,,,,,,,,,
2186230352,6cedfc8cda7e1121,XAUUSD,long,conservative_mss,2026-08-19T11:10:17.746000+00:00,2026-08-19,2026-08-19T11:10:00+00:00,4372.33,4365.485,4395.566,4395.566,6.845,6845.0,True,4h-1787040000--1-f6c62d,15m-1787135400-1-07b3da,2.57,3.395,False,True,True,3.08,0.0616,1.0,False,original_stop_first,2026-08-19T11:15:00+00:00,2026-08-19T11:40:00+00:00,6,-1.0,-0.1886,19.17,27.17,2.0,0.17,2.0,5.0,0.593,0.481,0.431,0.537,0.032,,,,False,6,5.549,False,10,10,0,0.216,8.585,False,0,0,,0.0774,0.489,0.282,0.0605,0.3511,1.6355,1.5622,0.575,0.326,0.038,,0.2424,-0.2486,0.1379,-0.0768,0.4982,0.3507,0.1747,0.2466,0.7809,0.7823,1.3274,0.6674,0.0351,0.8003,,,,,,,,,,
2186496691,d320ac37ca126ff3,AUDUSD,long,aggressive_liquidation,2026-08-19T11:50:18.275000+00:00,2026-08-19,2026-08-19T11:50:00+00:00,0.70748,0.70684,0.71019,0.71019,0.00064,64.0,True,4h-1787040000--1-5afc27,15m-1787124600-1-274d9f,4.14,4.234,True,True,True,13.83,0.2766,1.0,True,destination_first,2026-08-19T11:55:00+00:00,2026-08-19T13:00:00+00:00,14,4.234,-0.0236,19.83,27.83,2.0,3.58,3.0,5.0,1.297,1.276,0.156,0.766,0.078,,,,False,2,0.203,False,11,10,4,0.156,3.391,False,0,0,,0.5469,0.7812,0.86,0.125,0.1094,2.3256,1.4474,-0.9531,0.3411,0.1406,0.4844,0.1875,0.0469,0.6719,1.3281,1.6563,0.934,0.2188,0.1094,3.3651,1.7338,-0.5156,0.5664,0.1406,0.2188,,,,,,,,,,
2186497247,4043b45ac07a4f26,NZDUSD,long,aggressive_liquidation,2026-08-19T11:50:22.878000+00:00,2026-08-19,2026-08-19T11:50:00+00:00,0.588,0.58743,0.59032,0.59032,0.00057,57.0,True,4h-1786996800--1-4aeb25,15m-1787129100-1-44fa3d,4.27,4.07,True,True,True,25.51,0.5102,1.0,True,destination_first,2026-08-19T11:55:00+00:00,2026-08-19T12:50:00+00:00,12,4.07,0.0376,27.83,39.83,3.0,2.33,3.0,5.0,0.439,0.456,0.351,0.544,0.105,,,,False,5,1.193,False,30,28,1,0.14,12.316,False,2,2,12.0,0.5088,0.7895,0.7778,0.1053,0.1754,2.5,1.3175,-0.9649,0.3713,0.2456,0.5088,0.1053,0.3333,0.614,0.6316,1.0,0.807,0.1754,0.193,1.4074,1.1068,0.1579,0.6667,0.2456,0.386,,,,,,,,,,
2186498159,ece24648b9b50ebc,AUDCAD,long,aggressive_liquidation,2026-08-19T11:50:29.740000+00:00,2026-08-19,2026-08-19T11:50:00+00:00,0.98158,0.98082,0.98472,0.98472,0.00076,76.0,True,4h-1787040000--1-71f224,15m-1787124600-1-dfed8f,4.4,4.132,True,True,True,24.89,0.4978,1.0,True,destination_first,2026-08-19T11:55:00+00:00,2026-08-19T13:10:00+00:00,16,4.132,0.0566,11.83,27.83,4.0,3.33,4.0,5.0,2.237,2.351,0.25,0.671,0.079,,,,False,2,0.0,True,41,5,5,1.0,1.671,False,0,0,,0.4737,0.6447,0.8571,0.0789,0.0921,2.3333,1.0283,-0.6184,0.2895,0.2368,0.2895,0.2632,0.0921,0.5526,0.5132,0.6053,0.8696,0.0132,0.0789,1.3529,1.0522,1.0132,0.7039,0.2368,0.4605,0.5263,1.1974,0.5714,0.1579,0.5132,,,,,0.2368
2186626231,98f1ea39eb8d3bbd,XAUUSD,long,aggressive_liquidation,2026-08-19T12:10:26.920000+00:00,2026-08-19,2026-08-19T12:10:00+00:00,4367.023,4354.427,4395.566,4395.566,12.596,12596.0,True,4h-1787040000--1-f6c62d,15m-1787129100-1-d0cf65,1.96,2.266,True,True,True,1.87,0.0375,1.0,True,destination_first,2026-08-19T12:15:00+00:00,2026-08-19T12:35:00+00:00,5,2.266,-0.0925,20.17,28.17,2.0,1.92,6.0,5.0,0.322,0.293,0.614,0.368,0.017,,,,False,7,2.518,False,10,10,0,0.539,4.665,False,1,1,1.0,0.275,0.3818,0.9085,0.0718,0.0349,1.3369,1.3156,-0.4453,0.2904,0.0206,0.2133,0.1335,-0.0713,0.3469,0.1398,0.3819,0.853,0.1859,0.0561,1.0659,0.9985,0.4832,0.3718,0.0191,0.029,,,,,,,,,,
2186868252,2ed0964ecc86819c,NZDJPY,short,aggressive_liquidation,2026-08-19T12:35:29.198000+00:00,2026-08-19,2026-08-19T12:35:00+00:00,93.574,93.604,93.321,93.321,0.03,30.0,True,4h-1786651200-1-0ea28e,15m-1787137200--1-273a66,2.03,8.433,True,False,True,15.0,0.2999,1.0,False,original_stop_first,2026-08-19T12:40:00+00:00,2026-08-19T13:00:00+00:00,5,-1.0,-0.6821,116.58,136.58,5.0,0.83,3.0,15.0,2.167,0.696,0.833,-0.167,0.333,,,,False,19,22.8,False,7,4,1,2.433,6.267,False,1,1,18.5,1.3667,2.7,0.6049,0.2667,1.0667,2.3824,4.9664,-1.2667,1.2111,0.4667,1.1833,0.45,0.9,1.6333,1.1667,1.7333,0.8462,0.3,0.2667,1.4247,1.1637,0.1,1.2333,0.4667,0.2333,,,,,,,,,,
2187624002,24fd3bb6632c39a4,NZDCHF,long,aggressive_liquidation,2026-08-19T13:05:26.311000+00:00,2026-08-19,2026-08-19T13:05:00+00:00,0.47656,0.47572,0.47861,0.47861,0.00084,84.0,True,4h-1786996800--1-749bf5,15m-1787123700-1-755d38,3.61,2.44,True,True,True,22.31,0.4461,1.0,False,original_stop_first,2026-08-19T13:10:00+00:00,2026-08-19T13:50:00+00:00,9,-1.0,0.3445,33.08,41.08,2.0,4.58,5.0,15.0,0.274,0.366,0.25,0.619,0.131,1.0,True,True,True,5,0.0,True,23,12,2,0.012,2.024,False,2,2,3.41,0.2262,0.2976,0.96,0.0595,0.0119,1.25,1.0147,-0.4405,0.252,0.1667,0.1012,0.1845,-0.0357,0.2857,0.3333,0.4167,0.8571,0.0238,0.0595,1.4894,1.0966,0.2619,0.2857,0.1667,0.1905,,,,,,,,,,
2190881806,40144eac5d8d6367,NZDUSD,short,aggressive_liquidation,2026-08-19T18:10:29.638000+00:00,2026-08-19,2026-08-19T18:10:00+00:00,0.59307,0.5936,0.58709,0.58709,0.00053,53.0,True,4h-1787112000-1-1d53f2,15m-1787157900--1-7a7a50,7.25,11.283,True,False,True,17.74,0.3547,1.0,False,original_stop_first,2026-08-19T18:15:00+00:00,2026-08-19T18:40:00+00:00,6,-1.0,-0.329,2.17,14.17,3.0,0.17,5.0,0.0,0.679,0.456,0.509,0.17,0.321,1.0,True,True,True,1,0.0,True,59,2,2,9.623,1.358,False,0,0,,0.2453,0.8302,0.5455,0.2075,0.3774,2.5882,2.54,-0.7547,0.5283,0.2642,0.2642,0.1887,0.2264,0.4528,0.3962,0.6415,0.9118,0.1887,0.0566,1.0794,0.9768,1.0566,0.8066,0.2642,0.0189,9.4151,11.3962,0.846,0.2264,1.7547,4.6641,2.5131,1.0377,2.2736,0.2642
2191535017,24dc5a14246f3611,AUDUSD,short,aggressive_liquidation,2026-08-19T19:15:28.107000+00:00,2026-08-20,2026-08-19T19:15:00+00:00,0.71232,0.71257,0.70723,0.70723,0.00025,25.0,True,4h-1787112000-1-32911d,15m-1787157000--1-010154,12.83,20.36,True,False,True,23.3,0.466,1.0,False,original_stop_first,2026-08-19T19:20:00+00:00,2026-08-19T19:25:00+00:00,2,-1.0,-0.3511,3.25,15.25,3.0,1.5,5.0,15.0,2.28,1.476,0.64,0.0,0.36,1.0,True,True,True,1,0.0,True,22,2,2,2.28,3.76,False,0,0,,0.68,1.24,0.9032,0.44,0.12,1.24,1.0705,-2.6,1.0467,0.36,0.16,0.96,0.84,1.12,0.84,1.04,0.8462,0.04,0.16,0.8814,0.8748,2.2,1.63,0.36,0.48,19.0,22.32,0.871,0.44,2.88,4.6891,2.7075,-3.96,4.67,0.36
2191680635,9d28818c25275f67,GBPUSD,short,aggressive_liquidation,2026-08-19T19:35:29.533000+00:00,2026-08-20,2026-08-19T19:35:00+00:00,1.36089,1.36158,1.35551,1.35551,0.00069,69.0,True,4h-1787126400-1-8b5848,15m-1787157900--1-22c20f,6.72,7.797,True,False,True,12.72,0.2544,1.0,False,original_stop_first,2026-08-19T19:40:00+00:00,2026-08-20T04:05:00+00:00,101,-1.0,-0.1247,3.58,11.58,2.0,2.08,3.0,35.0,1.159,1.018,0.87,0.029,0.101,1.0,True,True,True,1,0.0,True,3,0,0,,0.0,True,0,0,,0.087,0.4348,0.5,0.1304,0.2174,0.6522,1.2308,-0.6522,0.6787,0.1449,0.029,0.1884,0.3623,0.2174,0.8116,1.1739,0.7037,0.0145,0.3478,1.2366,0.8955,0.8696,1.1703,0.1449,0.3768,7.8551,11.3188,0.7004,0.0725,3.3913,4.0154,2.4591,2.8551,2.4855,0.1449
2192174615,70c301b9fcf3891f,NZDCAD,short,aggressive_liquidation,2026-08-19T22:00:16.913000+00:00,2026-08-20,2026-08-19T22:00:00+00:00,0.81923,0.81954,0.81503,0.81503,0.00031,31.0,True,4h-1787112000-1-e828f9,15m-1787170500--1-025ebc,2.4,13.548,True,False,True,12.81,0.2562,1.0,False,original_stop_first,2026-08-19T22:05:00+00:00,2026-08-19T22:10:00+00:00,2,-1.0,-0.7694,6.0,18.0,3.0,0.5,5.0,0.0,2.355,0.55,0.613,-0.032,0.419,1.0,True,True,True,2,0.0,True,30,2,2,11.0,2.452,False,0,0,,3.0,3.2258,1.0,0.2258,0.0,7.1429,2.2105,0.2258,0.414,1.0,0.0968,3.129,0.0968,3.2258,0.3548,0.4516,1.0,0.0968,0.0,0.9655,0.5123,-0.0,0.4839,1.4516,0.1935,12.3226,13.5806,0.9264,0.2581,1.0,2.7973,2.1601,-2.1613,4.7661,0.5806
2192275158,88faec39b66e3483,AUDJPY,long,aggressive_liquidation,2026-08-19T22:10:26.922000+00:00,2026-08-20,2026-08-19T22:10:00+00:00,112.639,112.219,113.438,113.438,0.42,420.0,True,4h-1787040000--1-012ee8,15m-1787142600-1-56608f,2.09,1.902,True,True,False,9.89,0.1978,1.0,True,destination_first,2026-08-19T22:15:00+00:00,2026-08-21T02:15:00+00:00,337,1.902,0.0644,26.17,38.17,3.0,8.92,3.0,5.0,0.264,0.282,0.893,0.093,0.014,1.0,True,True,True,3,0.0,True,18,10,4,0.121,0.814,False,1,1,12.0,0.0548,0.0714,1.0,0.0167,0.0,1.5385,0.6821,-0.0429,0.0563,0.0929,0.0583,0.0131,0.0524,0.0714,0.4214,0.5119,0.8744,0.0262,0.0643,1.5412,1.3716,0.031,0.4304,0.0262,0.3381,,,,,,,,,,
2192325997,344a0b83d10bc4fc,EURCAD,short,aggressive_liquidation,2026-08-19T22:30:30.176000+00:00,2026-08-20,2026-08-19T22:30:00+00:00,1.61221,1.61276,1.60888,1.60888,0.00055,55.0,True,4h-1787097600-1-bd309c,15m-1787171400--1-f1c6e7,4.96,6.055,True,False,True,23.03,0.4607,1.0,True,destination_first,2026-08-19T22:35:00+00:00,2026-08-20T11:45:00+00:00,159,6.055,-0.1545,6.5,22.5,4.0,1.0,4.0,25.0,3.618,3.056,0.273,0.4,0.327,1.0,True,True,True,2,0.0,True,16,3,3,4.473,1.491,False,0,0,,0.1091,0.1636,0.7778,0.0182,0.0364,1.2857,0.8364,-0.5636,0.2545,0.2727,0.1,0.0273,-0.2727,0.1273,1.3455,1.3455,1.0,0.0,0.0,2.4262,1.2453,0.6,0.4545,0.5273,1.3455,4.3091,7.4545,0.6268,0.3636,2.7818,2.2652,3.0386,1.8,3.3045,0.2727
2195235020,364b45525ea82ed0,USDCHF,long,aggressive_liquidation,2026-08-20T09:05:21.578000+00:00,2026-08-20,2026-08-20T09:05:00+00:00,0.79789,0.79707,0.81207,0.81207,0.00082,82.0,True,4h-1787068800--1-e75c98,15m-1787184000-1-686a96,16.65,17.293,True,True,False,15.3,0.306,1.0,False,original_stop_first,2026-08-20T09:10:00+00:00,2026-08-20T09:10:00+00:00,1,-1.0,-0.0352,17.08,41.08,6.0,8.58,2.0,20.0,0.61,0.588,0.768,0.183,0.049,1.0,True,True,True,3,0.512,False,66,9,8,0.622,3.927,False,0,0,,0.1341,0.378,0.8387,0.1829,0.061,0.8158,0.8665,-0.7439,0.5183,0.1585,0.0122,0.3049,0.2073,0.3171,0.561,0.9268,0.8684,0.2439,0.122,3.3043,2.7106,0.3537,0.4116,0.1585,0.3537,12.6829,14.3659,0.8862,0.0488,1.6341,8.5054,3.9439,2.7927,1.5579,0.1585
2195369450,dc729b8b48b40921,AUDJPY,long,aggressive_liquidation,2026-08-20T09:30:25.271000+00:00,2026-08-20,2026-08-20T09:30:00+00:00,112.878,112.802,113.438,113.438,0.076,76.0,True,4h-1787040000--1-012ee8,15m-1787211000-1-045ebe,7.33,7.368,True,True,True,14.42,0.2884,1.0,False,original_stop_first,2026-08-20T09:35:00+00:00,2026-08-20T11:55:00+00:00,29,-1.0,-0.0084,37.5,49.5,3.0,0.75,5.0,10.0,1.461,1.455,0.461,0.158,0.382,1.0,True,True,True,8,3.5,False,9,8,2,0.908,3.263,False,2,2,11.33,0.4605,0.5658,0.907,0.0526,0.0526,1.2286,1.0502,-1.1184,0.5197,0.1447,0.1447,0.3684,0.4737,0.5132,0.1974,1.0395,0.6835,0.5132,0.3289,1.4495,0.9665,0.6184,0.7303,0.1447,0.1974,,,,,,,,,,
2195935435,9c0cdcb695944fe0,GBPAUD,short,aggressive_liquidation,2026-08-20T11:05:27.117000+00:00,2026-08-20,2026-08-20T11:05:00+00:00,1.91502,1.9155,1.9047,1.9047,0.00048,48.0,True,4h-1787040000-1-4b012a,15m-1787142600--1-f57669,12.47,21.5,True,False,False,26.2,0.524,1.0,False,original_stop_first,2026-08-20T11:10:00+00:00,2026-08-20T11:10:00+00:00,1,-1.0,-0.4064,31.08,51.08,5.0,21.83,3.0,10.0,5.187,3.107,0.562,0.229,0.208,1.0,True,True,True,8,0.0,True,64,18,6,0.229,24.958,False,0,0,,1.0833,1.2292,0.9153,0.0417,0.1042,1.6857,1.0688,-1.3958,0.7569,0.4375,0.5417,0.5833,0.5208,1.125,5.6875,7.0208,0.8694,0.4167,0.9167,3.2878,1.5619,1.8125,2.1719,0.4375,3.25,5.0208,7.0,0.9881,1.8958,0.0833,1.3228,2.2195,2.6458,5.2917,0.4375
2195964203,bb1dd2609aedd9d8,NZDJPY,short,aggressive_liquidation,2026-08-20T11:10:20.986000+00:00,2026-08-20,2026-08-20T11:10:00+00:00,94.362,94.452,93.933,93.933,0.09,90.0,True,4h-1787155200-1-74751c,15m-1787205600--1-321673,4.41,4.767,True,False,True,14.59,0.2918,1.0,False,original_stop_first,2026-08-20T11:15:00+00:00,2026-08-20T12:55:00+00:00,21,-1.0,-0.0596,7.17,19.17,3.0,4.67,2.0,5.0,1.722,1.616,0.289,0.589,0.122,1.0,True,True,True,1,0.0,True,18,5,5,0.256,2.2,False,0,0,,0.4667,0.7,0.8571,0.1333,0.1,2.6809,1.2769,-0.4556,0.2926,0.1556,0.3889,0.2111,0.1,0.6,1.0,1.0556,0.9579,0.0111,0.0444,1.8095,1.1863,-0.5222,0.5833,0.1556,0.0333,4.1556,4.7222,0.92,0.1889,0.3778,1.8438,1.2436,5.4778,3.7667,0.1556
2196157693,5b9e908e2510a023,GBPCHF,long,aggressive_liquidation,2026-08-20T11:35:25.223000+00:00,2026-08-20,2026-08-20T11:35:00+00:00,1.08738,1.08455,1.09865,1.09865,0.00283,283.0,True,4h-1787112000--1-dd8b4b,15m-1787180400-1-1fd3e0,4.06,3.982,True,True,False,5.38,0.1076,1.0,,unresolved,2026-08-20T11:40:00+00:00,,1834,,0.0164,19.58,31.58,3.0,11.08,6.0,130.0,0.216,0.219,0.074,0.908,0.018,1.0,True,True,True,4,0.0,True,62,6,6,0.106,0.781,False,0,0,,0.1131,0.1378,0.8205,0.0,0.0247,1.0,0.8765,-0.0071,0.1419,0.053,0.0495,0.0636,-0.735,0.1131,0.1696,0.2014,0.9298,0.0177,0.0141,2.7805,1.3462,0.1095,0.0901,0.053,0.0919,3.4629,3.894,0.9201,0.1201,0.311,7.7333,3.7508,0.5265,0.4673,0.053
2197053969,d4c6d69262e27748,CHFJPY,short,aggressive_liquidation,2026-08-20T12:45:21.289000+00:00,2026-08-20,2026-08-20T12:45:00+00:00,198.887,199.077,196.418,196.418,0.19,190.0,True,4h-1787112000-1-d639a8,15m-1787223600--1-a5240d,11.76,12.995,True,False,True,10.08,0.2015,1.0,,unresolved,2026-08-20T12:50:00+00:00,,1824,,-0.0861,20.75,32.75,3.0,1.0,3.0,25.0,0.916,0.835,0.574,0.158,0.268,1.0,True,True,True,3,0.0,True,25,5,5,2.453,3.663,False,0,0,,0.0105,0.2316,0.2955,0.0579,0.1632,0.5432,0.9421,-1.0579,0.5009,0.1105,0.0316,0.0368,0.0316,0.0684,0.7158,0.8421,0.85,0.0,0.1263,1.3169,0.8476,0.1105,0.6408,0.1105,0.3,8.9316,12.2895,0.9272,2.4632,0.8947,9.1569,3.909,-0.2789,1.2276,0.1105
2197264325,2f84e882399ea84f,EURCAD,short,aggressive_liquidation,2026-08-20T13:05:20.213000+00:00,2026-08-20,2026-08-20T13:05:00+00:00,1.6101,1.61125,1.60538,1.60538,0.00115,115.0,True,4h-1787025600-1-656c5f,15m-1787221800--1-f274fd,3.44,4.104,True,False,True,11.35,0.2271,1.0,False,original_stop_first,2026-08-20T13:10:00+00:00,2026-08-23T21:05:00+00:00,383,-1.0,-0.1291,37.08,57.08,5.0,1.83,3.0,15.0,0.87,0.757,0.417,0.278,0.304,1.0,True,True,True,10,1.748,False,46,31,0,1.861,8.226,False,0,0,,0.0957,0.4696,0.8333,0.2957,0.0783,1.3846,1.0743,-0.3913,0.4188,0.1304,0.3217,0.0696,0.113,0.3913,0.9478,0.9739,0.9821,0.0087,0.0174,1.5448,0.9743,0.7913,0.6457,0.1304,0.5739,0.1739,0.9913,0.9298,0.7478,0.0696,,,,,0.1304
2201442741,aaa4a283de8847b3,EURNZD,long,aggressive_liquidation,2026-08-21T00:05:21.225000+00:00,2026-08-21,2026-08-21T00:05:00+00:00,1.96346,1.96232,1.9673500000000002,1.9673500000000002,0.00114,114.0,True,4h-1787155200--1-9a141f,15m-1787238900-1-cc7b50,3.81,3.412,True,True,False,21.03,0.4205,1.0,False,original_stop_first,2026-08-21T00:10:00+00:00,2026-08-21T00:10:00+00:00,1,-1.0,0.0878,20.08,32.08,3.0,8.33,2.0,5.0,0.675,0.736,0.447,0.465,0.088,1.0,True,True,True,5,1.228,False,25,4,4,1.333,3.763,False,0,0,,0.0614,0.5877,1.0,0.5263,0.0,2.1613,2.438,-0.8772,0.3275,0.193,0.2982,0.2895,0.2895,0.5877,1.9211,2.1579,0.935,0.0965,0.1404,1.7024,0.9973,0.386,1.1886,0.193,1.1842,4.2281,6.0,0.924,1.3158,0.4561,2.2687,1.1956,7.4386,3.5548,0.193
2201517364,a298b8f19e5f7beb,CADJPY,short,aggressive_liquidation,2026-08-21T00:20:14.215000+00:00,2026-08-21,2026-08-21T00:20:00+00:00,115.366,115.403,114.641,114.641,0.037,37.0,True,4h-1787155200-1-e1df13,15m-1787256900--1-405509,11.91,19.595,True,False,True,18.63,0.3726,1.0,False,original_stop_first,2026-08-21T00:25:00+00:00,2026-08-21T00:25:00+00:00,1,-1.0,-0.3687,12.33,32.33,5.0,3.33,3.0,10.0,4.27,2.676,0.324,0.486,0.189,1.0,True,True,True,2,0.0,True,24,6,6,1.405,5.649,False,0,0,,0.7568,1.1622,0.9767,0.3784,0.027,1.303,1.3874,-2.1081,1.0135,0.2973,0.7432,0.3919,0.2432,1.1351,0.8649,1.3243,0.9592,0.4054,0.0541,1.8491,0.9064,-0.2703,0.8581,0.2973,0.0811,6.973,8.6757,0.9034,0.8649,0.8378,1.3573,1.2145,9.1622,6.2095,0.2973
2205433470,b549e2ada5978bf6,CADJPY,short,aggressive_liquidation,2026-08-21T11:00:19.730000+00:00,2026-08-21,2026-08-21T11:00:00+00:00,115.488,115.531,114.641,114.641,0.043,43.0,True,4h-1787155200-1-e1df13,15m-1787289300--1-69085a,15.62,19.698,True,False,True,20.54,0.4108,1.0,False,original_stop_first,2026-08-21T11:05:00+00:00,2026-08-21T11:05:00+00:00,1,-1.0,-0.2012,23.0,43.0,5.0,5.25,2.0,5.0,3.674,2.95,0.488,0.372,0.14,1.0,True,True,True,4,0.0,True,26,4,4,1.395,4.14,False,1,1,10.66,0.1395,0.6744,0.7586,0.3721,0.1628,1.0175,1.3308,-2.0233,0.6977,0.2558,0.3605,0.1512,0.186,0.5116,1.6977,1.6977,1.0,0.0,0.0,2.8627,1.7818,0.093,0.7267,0.2558,0.9535,6.0,7.4651,0.9034,0.7442,0.7209,1.3573,1.2145,7.8837,5.343,0.2558
2205919044,275d51b72f8b0b67,GBPUSD,short,aggressive_liquidation,2026-08-21T11:55:14.160000+00:00,2026-08-21,2026-08-21T11:55:00+00:00,1.36514,1.36666,1.36073,1.36073,0.00152,152.0,True,4h-1787169600-1-95dc4e,15m-1787307300--1-d9703a,2.49,2.901,True,False,True,5.89,0.1179,1.0,True,destination_first,2026-08-21T12:00:00+00:00,2026-08-26T13:00:00+00:00,874,2.901,-0.1051,23.92,39.92,4.0,0.92,3.0,30.0,0.605,0.542,0.566,0.388,0.046,1.0,True,True,True,4,0.0,True,13,7,7,0.52,2.211,False,0,0,,0.0987,0.1974,0.5,0.0,0.0987,0.5128,0.6676,0.0395,0.4254,0.0658,0.0362,0.0625,-0.2632,0.0987,0.8355,1.2039,0.7213,0.0329,0.3355,2.8594,1.4454,-0.1842,0.4507,0.0658,0.3487,0.4803,2.4013,0.2438,0.1053,1.8158,1.5699,1.1633,1.1645,1.4753,0.0658
2206001107,1c75f7a51781f740,USDCHF,long,aggressive_liquidation,2026-08-21T12:05:21.349000+00:00,2026-08-21,2026-08-21T12:05:00+00:00,0.79943,0.79821,0.81207,0.81207,0.00122,122.0,True,4h-1787068800--1-e75c98,15m-1787310900-1-c0c4c2,10.0,10.361,True,True,False,10.32,0.2064,1.0,,unresolved,2026-08-21T12:10:00+00:00,,1545,,-0.0317,44.08,68.08,6.0,0.33,2.0,0.0,0.41,0.397,0.721,0.246,0.033,1.0,True,True,True,9,1.484,False,65,8,7,0.443,2.27,False,1,1,27.0,0.0984,0.4016,0.8776,0.2541,0.0492,1.225,1.0333,0.6557,0.3811,0.1066,0.2213,0.1311,0.1557,0.3525,0.8115,0.9344,0.9123,0.041,0.082,1.8095,2.0431,-0.0656,0.5123,0.1066,0.0656,8.5246,9.6557,0.8862,0.0328,1.0984,8.5054,3.9439,1.877,1.0471,0.1066
2206208086,e6a76955cb7626eb,EURUSD,short,aggressive_liquidation,2026-08-21T12:30:23.782000+00:00,2026-08-21,2026-08-21T12:30:00+00:00,1.16925,1.17034,1.15787,1.15787,0.00109,109.0,True,4h-1787068800-1-349ab4,15m-1787312700--1-e894db,11.76,10.44,True,False,True,8.19,0.1638,1.0,True,destination_first,2026-08-21T12:35:00+00:00,2026-08-28T17:45:00+00:00,1502,10.44,0.1142,52.5,68.5,4.0,0.25,2.0,10.0,0.468,0.522,0.156,0.578,0.266,1.0,True,True,True,8,0.826,False,23,10,10,0.174,3.404,False,0,0,,0.2477,0.3028,0.9394,0.0367,0.0183,0.9041,0.8444,0.0459,0.3349,0.0734,0.1927,0.0917,-0.1193,0.2844,0.3486,0.5596,0.9836,0.2018,0.0092,1.0893,0.9307,0.1193,0.6514,0.0734,0.1743,1.3945,1.6514,0.8722,0.0459,0.211,1.4575,1.4422,0.5872,1.133,0.0734
2207381938,fe66af9880cdd040,CADJPY,short,aggressive_liquidation,2026-08-21T14:25:28.110000+00:00,2026-08-21,2026-08-21T14:25:00+00:00,115.459,115.587,114.641,114.641,0.128,128.0,True,4h-1787155200-1-e1df13,15m-1787318100--1-20fd5d,6.36,6.391,True,False,True,8.56,0.1711,1.0,True,destination_first,2026-08-21T14:30:00+00:00,2026-08-26T09:15:00+00:00,799,6.391,-0.006,26.42,46.42,5.0,0.17,4.0,5.0,1.234,1.229,0.648,0.156,0.195,1.0,True,True,True,5,0.195,False,25,4,4,0.242,1.391,False,2,2,3.41,0.0313,0.1406,0.8333,0.0859,0.0234,0.5455,0.868,0.3984,0.2591,0.0859,0.0156,0.1016,0.0234,0.1172,0.0391,0.3516,0.7556,0.2266,0.0859,0.6122,0.8885,0.125,0.5391,0.0859,0.0078,2.0156,2.5078,0.9034,0.25,0.2422,1.3573,1.2145,2.6484,1.7949,0.0859
2207912222,ebfee2ccaf9584db,GBPNZD,long,aggressive_liquidation,2026-08-21T15:10:19.428000+00:00,2026-08-21,2026-08-21T15:10:00+00:00,2.28098,2.28019,2.2928100000000002,2.2928100000000002,0.00079,79.0,True,4h-1787241600--1-d99482,15m-1787321700-1-aad210,10.24,14.975,True,True,True,21.37,0.4274,1.0,False,original_stop_first,2026-08-21T15:15:00+00:00,2026-08-21T15:35:00+00:00,5,-1.0,-0.2974,3.17,23.17,5.0,0.42,2.0,10.0,2.114,1.487,0.646,-0.278,0.633,1.0,True,True,True,1,0.0,True,49,4,4,2.62,5.101,False,0,0,,0.3797,0.6835,0.5556,0.0,0.3038,0.675,0.7275,-0.7468,1.0338,0.3038,0.1519,0.2278,0.6835,0.3797,1.3924,2.2405,0.9153,0.6582,0.1899,1.4274,1.2621,0.2152,1.5696,0.3038,0.1519,4.1646,5.4684,0.956,1.0633,0.2405,1.9548,1.3889,8.9241,4.231,0.3038
2207985789,dc69d35cb97bafca,NZDJPY,short,aggressive_liquidation,2026-08-21T15:20:32.353000+00:00,2026-08-21,2026-08-21T15:20:00+00:00,94.962,95.018,94.351,94.351,0.056,56.0,True,4h-1787212800-1-46d7a9,15m-1787319900--1-7a554f,11.46,10.911,True,False,True,26.17,0.5234,1.0,False,original_stop_first,2026-08-21T15:25:00+00:00,2026-08-21T15:25:00+00:00,1,-1.0,0.0421,23.33,31.33,2.0,0.58,4.0,15.0,1.0,1.047,1.268,-0.357,0.089,1.0,True,True,True,4,0.0,True,14,4,4,3.214,3.214,False,1,1,15.32,0.0357,0.4821,0.8519,0.375,0.0714,0.7013,0.9,-1.4286,0.7083,0.25,0.2589,0.1518,0.9643,0.4107,1.0536,1.6607,0.871,0.3929,0.2143,1.86,1.2083,0.2679,0.9152,0.25,0.5714,2.3393,4.0893,0.655,0.3393,1.4107,0.9582,1.565,9.0893,4.6071,0.25
2208285496,5ae3397e93f09354,NZDUSD,short,aggressive_liquidation,2026-08-21T15:50:15.676000+00:00,2026-08-21,2026-08-21T15:50:00+00:00,0.59794,0.5985,0.59467,0.59467,0.00056,56.0,True,4h-1787241600-1-dba524,15m-1787319900--1-a0a55b,5.28,5.839,True,False,True,22.96,0.4592,1.0,False,original_stop_first,2026-08-21T15:55:00+00:00,2026-08-21T18:00:00+00:00,26,-1.0,-0.0818,11.83,23.83,3.0,1.08,4.0,5.0,1.875,1.722,0.893,-0.107,0.214,1.0,True,True,True,3,0.0,True,9,3,3,1.982,0.661,False,0,0,,0.2857,0.3929,1.0,0.1071,0.0,0.9362,0.6087,-1.5,0.4673,0.25,0.2679,0.125,0.4643,0.3929,1.2679,1.3929,0.9231,0.0179,0.1071,1.6596,1.198,0.3214,0.9018,0.25,1.0536,2.9286,4.0357,0.8053,0.3214,0.7857,1.3574,0.9405,-0.4107,2.8795,0.25
2209525712,cbce77dde6bd59ea,GBPUSD,short,aggressive_liquidation,2026-08-21T19:05:21.040000+00:00,2026-08-22,2026-08-21T19:05:00+00:00,1.36491,1.36594,1.36073,1.36073,0.00103,103.0,True,4h-1787169600-1-95dc4e,15m-1787314500--1-0365fc,3.75,4.058,True,False,False,9.12,0.1824,1.0,True,destination_first,2026-08-21T19:10:00+00:00,2026-08-26T13:00:00+00:00,788,4.058,-0.0622,31.08,47.08,4.0,6.33,2.0,60.0,0.893,0.839,0.563,0.369,0.068,1.0,True,True,True,6,0.427,False,13,5,5,0.699,2.68,False,1,1,7.16,0.2039,0.3301,0.9706,0.1165,0.0097,1.6585,1.5261,0.0097,0.2039,0.0971,0.0291,0.2913,-0.0388,0.3204,0.8835,1.8155,0.4866,0.0,0.932,2.5616,1.2751,0.9029,0.7816,0.0971,0.5825,0.7087,3.5437,0.2438,0.1553,2.6796,1.5699,1.1633,1.7184,2.1772,0.0971
2218215189,a93119827f46cc05,GBPCAD,short,conservative_mss,2026-08-24T09:10:25.848000+00:00,2026-08-24,2026-08-24T09:10:00+00:00,1.88568,1.88705,1.8830900000000002,1.8830900000000002,0.00137,137.0,True,4h-1787529600-1-781ef5,15m-1787560200--1-358caf,1.54,1.891,False,False,True,11.55,0.231,1.0,False,original_stop_first,2026-08-24T09:15:00+00:00,2026-08-24T11:30:00+00:00,28,-1.0,-0.1182,1.17,9.17,2.0,0.17,2.0,5.0,1.131,0.994,0.642,0.212,0.146,1.0,True,True,True,1,0.0,True,11,1,1,0.861,0.109,False,0,0,,0.2263,0.2847,0.9744,0.0511,0.0073,0.8478,1.053,0.2409,0.4173,0.1314,,0.0876,0.0073,0.2774,0.9124,1.0876,0.9597,0.1314,0.0438,1.386,0.8251,-0.6131,0.7883,0.1314,0.1898,3.2263,3.8248,0.8473,0.0146,0.5839,2.895,1.7701,2.8905,1.3321,0.1314
2218242617,6f41dee0839f08f8,GBPNZD,long,aggressive_liquidation,2026-08-24T09:15:17.508000+00:00,2026-08-24,2026-08-24T09:15:00+00:00,2.2838,2.28251,2.2928100000000002,2.2928100000000002,0.00129,129.0,True,4h-1787241600--1-d99482,15m-1787553900-1-94f9df,5.79,6.984,True,True,True,15.81,0.3161,1.0,False,original_stop_first,2026-08-24T09:20:00+00:00,2026-08-25T15:35:00+00:00,363,-1.0,-0.1476,69.25,89.25,5.0,1.75,3.0,70.0,1.295,1.1,0.705,-0.078,0.372,1.0,True,True,True,5,2.093,False,45,4,4,0.512,2.961,False,1,1,66.08,0.3101,0.6047,0.5128,0.0,0.2946,1.1143,0.8421,-1.6822,0.553,0.186,0.0388,0.2713,0.5969,0.3101,0.3798,0.7829,0.5545,0.0543,0.3488,1.0466,1.0202,0.4109,0.7248,0.186,0.3798,2.5504,3.3488,0.956,0.6512,0.1473,1.9548,1.3889,5.4651,2.5911,0.186
2218684770,405f96d9006c0b40,GBPJPY,short,aggressive_liquidation,2026-08-24T10:20:15.197000+00:00,2026-08-24,2026-08-24T10:20:00+00:00,216.984,217.106,215.599,215.599,0.122,122.0,True,4h-1787155200-1-d858bf,15m-1787558400--1-5030eb,8.09,11.352,True,False,True,12.67,0.2535,1.0,False,original_stop_first,2026-08-24T10:25:00+00:00,2026-08-24T13:10:00+00:00,34,-1.0,-0.2646,94.33,114.33,5.0,1.33,4.0,55.0,4.008,2.951,0.943,-0.033,0.09,1.0,True,True,True,6,0.0,True,40,10,10,1.541,12.877,False,0,0,,0.1885,0.4344,0.434,0.0,0.2459,1.2771,1.1699,-0.2623,0.3374,0.1721,0.0574,0.1311,0.1967,0.1885,1.4918,1.5492,0.9841,0.0328,0.0246,1.9485,0.9547,-0.2213,0.8238,0.1721,0.9918,3.2787,4.0328,0.8862,0.2951,0.459,1.0072,1.1645,2.2049,3.6926,0.1721
2219420071,fe99667b02674060,AUDUSD,short,aggressive_liquidation,2026-08-24T11:45:18.542000+00:00,2026-08-24,2026-08-24T11:45:00+00:00,0.71634,0.71714,0.7119,0.7119,0.0008,80.0,True,4h-1787241600-1-5c1bda,15m-1787553900--1-86e0bc,5.22,5.55,True,False,True,10.69,0.2139,1.0,False,original_stop_first,2026-08-24T11:50:00+00:00,2026-08-26T01:30:00+00:00,453,-1.0,-0.0544,79.75,91.75,3.0,4.0,4.0,5.0,1.7,1.616,0.55,0.4,0.05,1.0,True,True,True,7,0.7,False,18,5,5,2.35,1.275,False,0,0,,0.2375,0.4875,0.9487,0.225,0.025,2.0,2.0633,-0.8875,0.3396,0.1125,0.275,0.1875,0.075,0.4625,0.4375,0.6625,0.8491,0.125,0.1,1.2326,0.9958,-0.325,0.5594,0.1125,0.0375,2.7625,3.1375,0.8805,0.0,0.375,1.3073,0.8952,-0.5875,2.5219,0.1125
2219420672,c01f4d771dda0cd0,EURAUD,long,aggressive_liquidation,2026-08-24T11:45:22.313000+00:00,2026-08-24,2026-08-24T11:45:00+00:00,1.6285,1.62779,1.64035,1.64035,0.00071,71.0,True,4h-1787241600--1-fed4b1,15m-1787565600-1-ffc165,18.54,16.69,True,True,False,26.45,0.5289,1.0,False,original_stop_first,2026-08-24T11:50:00+00:00,2026-08-26T01:30:00+00:00,452,-1.0,0.1067,79.75,91.75,3.0,0.5,5.0,5.0,2.873,3.174,0.394,0.352,0.254,1.0,True,True,True,4,0.38,False,93,7,7,1.056,3.704,False,0,0,,0.4789,0.6761,0.9167,0.1408,0.0563,1.5738,1.4417,-2.0423,0.6009,0.2394,0.4014,0.2183,0.5352,0.6197,0.6056,0.9155,0.8,0.1268,0.1831,1.6049,1.2573,1.0986,0.6021,0.2394,0.5775,5.9014,6.4789,0.9109,0.0,0.5775,1.84,0.8942,-0.493,3.9648,0.2394
2219421833,889fa8fa581fe348,GBPAUD,long,aggressive_liquidation,2026-08-24T11:45:26.272000+00:00,2026-08-24,2026-08-24T11:45:00+00:00,1.90334,1.9021,1.9159899999999999,1.9159899999999999,0.00124,124.0,True,4h-1787256000--1-d949f1,15m-1787565600-1-4ca125,11.51,10.202,True,True,True,18.91,0.3783,1.0,False,original_stop_first,2026-08-24T11:50:00+00:00,2026-08-26T01:30:00+00:00,451,-1.0,0.1124,75.75,87.75,3.0,0.5,5.0,10.0,0.685,0.766,0.565,0.129,0.306,1.0,True,True,True,6,1.081,False,94,8,8,1.944,3.403,False,0,0,,0.3952,0.5645,0.9,0.1129,0.0565,1.9718,1.3508,-0.9113,0.3212,0.1694,0.2097,0.2984,0.6129,0.5081,0.5726,0.7177,0.8876,0.0645,0.0806,1.6481,1.1493,-0.1532,0.4496,0.1694,0.3226,2.621,2.9113,0.9778,0.2258,0.0645,1.0,1.0058,5.371,2.9274,0.1694
2219976618,efa0d654c07432da,GBPUSD,short,aggressive_liquidation,2026-08-24T12:35:19.790000+00:00,2026-08-24,2026-08-24T12:35:00+00:00,1.36418,1.36494,1.36073,1.36073,0.00076,76.0,True,4h-1787169600-1-95dc4e,15m-1787555700--1-0097e8,1.85,4.539,True,False,True,6.77,0.1355,1.0,False,original_stop_first,2026-08-24T12:40:00+00:00,2026-08-24T13:15:00+00:00,8,-1.0,-0.4864,96.58,112.58,4.0,4.83,2.0,5.0,1.211,0.623,0.355,0.224,0.421,1.0,True,True,True,12,1.816,False,13,6,6,0.461,4.145,False,2,2,65.5,0.3684,1.3026,0.404,0.1579,0.7763,2.3023,1.4347,-0.7632,0.6053,0.1316,0.2895,0.2368,0.2237,0.5263,1.4737,2.0526,0.9936,0.5658,0.0132,2.6,1.1477,-0.7368,0.8026,0.1316,0.5,0.9605,4.8026,0.2438,0.2105,3.6316,1.5699,1.1633,2.3289,2.9507,0.1316
2221465265,47bb4fafc4fdac4b,EURCAD,short,aggressive_liquidation,2026-08-24T14:25:17.124000+00:00,2026-08-24,2026-08-24T14:25:00+00:00,1.61347,1.6143,1.61118,1.61118,0.00083,83.0,True,4h-1787529600-1-b380ec,15m-1787578200--1-fe2790,2.35,2.759,True,False,True,16.11,0.3221,1.0,False,original_stop_first,2026-08-24T14:30:00+00:00,2026-08-24T14:45:00+00:00,4,-1.0,-0.1081,6.42,14.42,2.0,0.42,2.0,10.0,0.952,0.848,0.554,0.349,0.096,1.0,True,True,True,2,0.217,False,13,1,1,2.542,0.253,False,1,1,3.08,0.1928,0.3012,0.72,0.0241,0.0843,0.4098,0.728,-0.3855,0.7149,0.1807,0.0181,0.1988,-0.0723,0.2169,1.3735,1.4217,0.9661,0.0,0.0482,2.0345,1.4429,0.3614,0.8404,0.1807,0.3253,4.253,4.7349,0.9135,0.0723,0.4096,2.62,1.9635,3.0361,2.1416,0.1807
2229054847,8ebbcd0e2ab31e68,AUDNZD,short,aggressive_liquidation,2026-08-25T09:50:26.405000+00:00,2026-08-25,2026-08-25T09:50:00+00:00,1.20007,1.2006999999999999,1.19679,1.19679,0.00063,63.0,True,4h-1787256000-1-9c418b,15m-1787647500--1-333d7b,3.95,5.206,True,False,True,22.78,0.4557,1.0,False,original_stop_first,2026-08-25T09:55:00+00:00,2026-08-26T01:30:00+00:00,188,-1.0,-0.2025,97.83,109.83,3.0,0.58,2.0,0.0,1.81,1.443,0.492,0.27,0.238,1.0,True,True,True,12,0.651,False,42,6,6,0.365,3.984,False,0,0,,0.2063,0.4762,0.6667,0.1111,0.1587,1.2,0.8194,-0.7937,0.3836,0.2857,0.0714,0.246,0.0476,0.3175,1.1429,1.3333,0.9167,0.0794,0.1111,2.1,1.0,-0.1111,0.6151,0.2857,0.254,3.127,3.3016,1.0,0.1746,0.0,1.28,0.9741,1.1905,2.7024,0.2857
2229271794,1121345ca51c6a2f,EURJPY,short,aggressive_liquidation,2026-08-25T10:25:20.083000+00:00,2026-08-25,2026-08-25T10:25:00+00:00,185.77,185.945,184.814,184.814,0.175,175.0,True,4h-1787155200-1-68ec85,15m-1787288400--1-244be3,4.83,5.463,True,False,True,8.24,0.1649,1.0,False,original_stop_first,2026-08-25T10:30:00+00:00,2026-08-25T21:10:00+00:00,129,-1.0,-0.0994,126.42,138.42,3.0,100.67,3.0,135.0,1.291,1.164,0.063,0.863,0.074,1.0,True,True,True,15,0.0,True,24,8,8,0.171,3.137,False,0,0,,0.0457,0.1943,0.9706,0.1429,0.0057,0.7556,0.8682,0.7029,0.2495,0.0914,0.1429,0.0457,-0.7257,0.1886,0.6229,0.6229,1.0,0.0,0.0,2.9863,1.6279,0.1029,0.2214,0.0914,0.4857,1.6171,2.2743,0.794,0.1886,0.4686,1.1916,1.066,1.0171,2.5871,0.0914
2229567035,261a4b10d21bf7ed,AUDUSD,long,aggressive_liquidation,2026-08-25T11:15:21.566000+00:00,2026-08-25,2026-08-25T11:15:00+00:00,0.71526,0.71467,0.71638,0.71638,0.00059,59.0,True,4h-1787558400--1-63feb2,15m-1787649300-1-6d7379,1.82,1.898,True,True,True,14.84,0.2968,1.0,True,destination_first,2026-08-25T11:20:00+00:00,2026-08-25T19:50:00+00:00,103,1.898,-0.026,19.25,27.25,2.0,1.5,2.0,60.0,0.847,0.824,0.407,0.373,0.22,1.0,True,True,True,3,0.339,False,5,2,2,0.203,1.068,False,0,0,,0.1186,0.322,0.6316,0.0847,0.1186,1.52,1.3333,-0.0847,0.2712,0.1525,0.0847,0.1186,-0.0169,0.2034,0.661,1.1017,0.7385,0.1525,0.2881,1.9118,1.614,0.4915,0.589,0.1525,0.3559,2.4237,3.1525,0.9462,0.5593,0.1695,1.4475,1.4717,-0.8814,2.1229,0.1525
2229653939,728293ecae1ad09f,EURUSD,long,aggressive_liquidation,2026-08-25T11:30:20.181000+00:00,2026-08-25,2026-08-25T11:30:00+00:00,1.16621,1.16558,1.16749,1.16749,0.00063,63.0,True,4h-1787515200--1-29b900,15m-1787643000-1-1d60d6,1.95,2.032,True,True,True,12.37,0.2475,1.0,True,destination_first,2026-08-25T11:35:00+00:00,2026-08-25T13:10:00+00:00,20,2.032,-0.0283,27.5,39.5,3.0,2.75,5.0,10.0,1.127,1.098,0.286,0.587,0.127,1.0,True,True,True,2,0.0,True,8,1,1,1.746,0.333,False,0,0,,0.3492,0.4286,0.963,0.0635,0.0159,1.102,0.7303,-0.2698,0.4339,0.127,0.0397,0.373,-0.0952,0.4127,0.5397,0.8095,0.8235,0.127,0.1429,1.1591,1.1291,0.5397,0.7183,0.127,0.4127,2.0317,2.9048,0.8743,0.5079,0.3651,1.8209,1.9451,0.5079,1.4206,0.127
2229881780,5f9c87dd730b6ac5,EURNZD,long,aggressive_liquidation,2026-08-25T12:05:17.443000+00:00,2026-08-25,2026-08-25T12:05:00+00:00,1.95516,1.9535200000000001,1.96361,1.96361,0.00164,164.0,True,4h-1787241600--1-7e0b74,15m-1787565600-1-797c6d,4.44,5.152,True,True,True,11.86,0.2371,1.0,False,original_stop_first,2026-08-25T12:10:00+00:00,2026-08-25T19:30:00+00:00,89,-1.0,-0.1174,104.08,116.08,3.0,25.08,4.0,10.0,1.311,1.159,0.061,0.768,0.171,1.0,True,True,True,13,0.683,False,61,4,4,1.207,1.726,False,0,0,,0.25,0.4756,0.5385,0.0061,0.2195,1.6774,1.3459,-0.3476,0.314,0.1341,0.0915,0.1646,-0.3659,0.2561,0.9451,0.9451,1.0,0.0,0.0,3.4444,1.262,0.3171,0.3186,0.1341,0.2134,2.6159,3.4024,0.8047,0.122,0.6646,2.3948,0.8878,0.0427,1.7729,0.1341
2229921396,974ab2b4130a9d87,EURCAD,short,aggressive_liquidation,2026-08-25T12:10:24.595000+00:00,2026-08-25,2026-08-25T12:10:00+00:00,1.61619,1.61656,1.61118,1.61118,0.00037,37.0,True,4h-1787529600-1-b380ec,15m-1787654700--1-38747f,7.66,13.541,True,False,True,24.13,0.4826,1.0,False,original_stop_first,2026-08-25T12:15:00+00:00,2026-08-25T12:20:00+00:00,2,-1.0,-0.4035,28.17,36.17,2.0,0.42,4.0,15.0,2.135,1.271,1.27,-0.784,0.514,1.0,True,True,True,5,0.0,True,30,4,4,2.243,3.054,False,2,2,21.75,0.5946,1.2162,0.7111,0.2703,0.3514,1.3636,1.1926,-1.7838,0.9505,0.4054,0.2703,0.5946,1.5405,0.8649,1.1892,1.4324,0.9245,0.1351,0.1081,0.9636,0.8448,1.5405,1.4595,0.4054,1.0,9.5405,10.6216,0.9135,0.1622,0.9189,2.62,1.9635,6.8108,4.8041,0.4054
2230675041,fdd784b8fbf3970a,USDJPY,long,aggressive_liquidation,2026-08-25T13:20:24.915000+00:00,2026-08-25,2026-08-25T13:20:00+00:00,159.224,159.114,159.591,159.591,0.11,110.0,True,4h-1787068800--1-3f4405,15m-1787619600-1-63dc40,3.11,3.336,True,True,False,8.63,0.1725,1.0,False,original_stop_first,2026-08-25T13:25:00+00:00,2026-08-25T19:50:00+00:00,78,-1.0,-0.0514,153.33,165.33,3.0,11.33,4.0,5.0,0.5,0.474,0.555,0.373,0.073,1.0,True,True,True,24,9.627,False,31,5,5,0.382,1.718,False,0,0,,0.3,0.5909,0.7538,0.1455,0.1455,1.8056,1.563,-0.8636,0.4424,0.0909,0.3091,0.1364,0.2364,0.4455,0.5455,0.9273,0.5882,0.0,0.3818,1.2,1.128,0.7182,0.7682,0.0909,0.3545,1.1909,2.4091,0.4943,0.0,1.2182,1.963,3.315,0.7364,1.2273,0.0909
2231175910,5623e5d3143f62c5,GBPCAD,short,conservative_mss,2026-08-25T13:55:28.138000+00:00,2026-08-25,2026-08-25T13:55:00+00:00,1.88782,1.89047,1.8830900000000002,1.8830900000000002,0.00265,265.0,True,4h-1787529600-1-781ef5,15m-1787652900--1-1ca226,1.66,1.785,False,False,True,6.49,0.1298,1.0,False,original_stop_first,2026-08-25T14:00:00+00:00,2026-08-26T03:20:00+00:00,160,-1.0,-0.0448,29.92,37.92,2.0,3.17,2.0,110.0,0.585,0.559,0.091,0.819,0.091,1.0,True,True,True,4,0.0,True,23,4,4,0.113,0.464,False,1,1,28.74,0.0566,0.1509,0.85,0.0717,0.0226,0.6504,0.9439,0.4679,0.2327,0.0679,,0.0528,-0.6792,0.1283,0.1547,0.2491,0.8939,0.0679,0.0264,1.1892,0.9707,0.0981,0.2453,0.0679,0.0679,1.6679,1.9774,0.8473,0.0075,0.3019,2.895,1.7701,1.4943,0.6887,0.0679
2231603787,07de30548fdc650b,GBPNZD,long,aggressive_liquidation,2026-08-25T14:35:15.026000+00:00,2026-08-25,2026-08-25T14:35:00+00:00,2.28442,2.28315,2.2928100000000002,2.2928100000000002,0.00127,127.0,True,4h-1787241600--1-d99482,15m-1787565600-1-3403a3,4.06,6.606,True,True,False,12.58,0.2515,1.0,False,original_stop_first,2026-08-25T14:40:00+00:00,2026-08-25T15:30:00+00:00,11,-1.0,-0.3323,98.58,118.58,5.0,27.58,4.0,0.0,1.315,0.875,0.472,0.441,0.087,1.0,True,True,True,13,2.094,False,50,2,2,3.087,0.591,False,2,2,29.33,0.1732,1.063,0.5852,0.4488,0.4409,2.0149,2.4454,-1.5591,0.5735,0.189,0.3622,0.2598,0.2126,0.622,1.1024,1.1102,1.0,0.0079,0.0,2.186,1.1596,0.189,0.4587,0.189,0.937,2.5906,3.4016,0.956,0.6614,0.1496,1.9548,1.3889,5.5512,2.6319,0.189
2231796571,971fb60d10508cb1,AUDCHF,short,aggressive_liquidation,2026-08-25T14:55:25.364000+00:00,2026-08-25,2026-08-25T14:55:00+00:00,0.57443,0.57494,0.56938,0.56938,0.00051,51.0,True,4h-1787256000-1-b2bfb6,15m-1787634900--1-8f6388,9.15,9.902,True,False,False,16.44,0.3288,1.0,False,original_stop_first,2026-08-25T15:00:00+00:00,2026-08-26T01:30:00+00:00,126,-1.0,-0.0707,106.92,114.92,2.0,8.42,5.0,15.0,0.941,0.877,0.471,0.471,0.059,1.0,True,True,True,11,0.0,True,55,10,10,0.275,3.941,False,0,0,,0.4118,0.5686,1.0,0.1569,0.0,1.6571,1.2428,-0.7255,0.3497,0.1765,0.3725,0.1961,0.0784,0.5686,0.451,0.5882,1.0,0.1373,0.0,1.1111,1.5852,0.4314,0.6127,0.1765,0.2157,3.5294,3.8431,0.9235,0.0196,0.2941,1.4412,0.6895,0.9216,2.9559,0.1765
2231797162,11816876ac535bcd,NZDJPY,short,aggressive_liquidation,2026-08-25T14:55:28.722000+00:00,2026-08-25,2026-08-25T14:55:00+00:00,95.046,95.091,94.351,94.351,0.045,45.0,True,4h-1787212800-1-46d7a9,15m-1787343300--1-e25720,12.57,15.444,True,False,False,25.68,0.5137,1.0,False,original_stop_first,2026-08-25T15:00:00+00:00,2026-08-25T15:30:00+00:00,7,-1.0,-0.1789,118.92,126.92,2.0,90.17,2.0,15.0,1.244,1.027,0.511,0.378,0.111,1.0,True,True,True,15,0.0,True,24,9,9,1.422,7.067,False,2,2,95.58,0.6222,0.7556,0.8235,0.0,0.1333,1.1525,1.1374,-0.8,0.6704,0.3111,0.3333,0.2889,0.2667,0.6222,1.2889,1.2889,1.0,0.0,0.0,2.1091,0.9113,0.3556,0.6111,0.3111,0.0444,2.9111,5.0889,0.655,0.4222,1.7556,0.9582,1.565,11.3111,5.7333,0.3111
2233461904,1df408f56ee86a68,EURGBP,long,aggressive_liquidation,2026-08-25T19:05:24.426000+00:00,2026-08-26,2026-08-25T19:05:00+00:00,0.85568,0.85501,0.85693,0.85693,0.00067,67.0,True,4h-1787284800--1-4d16d6,15m-1787662800-1-8e94bf,2.28,1.866,True,True,True,22.2,0.444,1.0,True,destination_first,2026-08-25T19:10:00+00:00,2026-08-26T14:20:00+00:00,231,1.866,0.149,95.08,111.08,4.0,4.58,6.0,60.0,0.328,0.376,0.687,0.254,0.06,1.0,True,True,True,12,0.597,False,30,3,3,0.149,0.701,False,2,2,5.66,0.1343,0.1642,0.9091,0.0149,0.0149,2.4444,1.4521,-0.0896,0.092,0.194,0.0448,0.1045,0.1045,0.1493,0.4179,0.7463,0.66,0.0746,0.2537,2.0,1.0841,0.6119,0.3321,0.194,0.194,0.9851,1.3284,0.8876,0.194,0.1493,1.0595,0.6194,0.3881,1.2948,0.194
2234047604,2f2f30e5eadc640b,EURCHF,long,aggressive_liquidation,2026-08-25T22:05:21.772000+00:00,2026-08-26,2026-08-25T22:05:00+00:00,0.93563,0.93455,0.93988,0.93988,0.00108,108.0,True,4h-1787112000--1-086d1b,15m-1787551200-1-93ccf4,5.03,3.935,True,True,False,28.3,0.5659,1.0,,unresolved,2026-08-25T22:10:00+00:00,,850,,0.2187,150.08,162.08,3.0,39.33,3.0,5.0,0.435,0.532,0.25,0.704,0.046,1.0,True,True,True,25,3.583,False,28,4,4,0.583,0.694,False,0,0,,0.1759,0.2685,0.931,0.0741,0.0185,1.381,0.5755,-0.3889,0.2546,0.2315,0.1296,0.1204,-0.213,0.25,0.5463,0.6204,0.9701,0.0556,0.0185,2.6275,1.2062,-0.0093,0.2407,0.1481,0.3148,6.6574,7.4537,0.9118,0.1389,0.6574,9.2529,3.7523,0.3611,0.8796,0.1481
2234048124,6bf2f157b241837f,NZDCAD,short,aggressive_liquidation,2026-08-25T22:05:29.193000+00:00,2026-08-26,2026-08-25T22:05:00+00:00,0.82682,0.82749,0.81503,0.81503,0.00067,67.0,True,4h-1787112000-1-e828f9,15m-1787690700--1-ddf6fb,12.22,17.597,True,False,True,14.85,0.297,1.0,,unresolved,2026-08-25T22:10:00+00:00,,848,,-0.2878,150.08,162.08,3.0,0.33,4.0,0.0,1.09,0.774,0.866,0.075,0.06,1.0,True,True,True,23,0.0,True,107,16,16,1.239,6.896,False,1,1,144.08,0.2388,0.6567,0.4773,0.0746,0.3433,1.8333,0.7702,0.194,0.3706,0.209,0.1642,0.1493,0.2388,0.3134,0.3731,0.4925,1.0,0.1194,0.0,0.7253,1.9819,0.3134,0.6231,0.6866,0.2537,5.7015,6.2836,0.9264,0.1194,0.4627,2.7973,2.1601,-1.0,2.2052,0.2687
2237950549,059874eb1c08f01d,GBPCAD,short,aggressive_liquidation,2026-08-26T11:15:19.090000+00:00,2026-08-26,2026-08-26T11:15:00+00:00,1.88954,1.88999,1.8830900000000002,1.8830900000000002,0.00045,45.0,True,4h-1787529600-1-781ef5,15m-1787736600--1-ce2a7b,9.17,14.333,True,False,True,26.51,0.5302,1.0,False,original_stop_first,2026-08-26T11:20:00+00:00,2026-08-26T11:30:00+00:00,3,-1.0,-0.3306,51.25,59.25,2.0,1.0,3.0,5.0,3.444,2.283,1.222,-0.422,0.2,1.0,True,True,True,7,1.422,False,35,4,4,3.133,2.844,False,2,2,21.33,0.3111,0.8444,0.6579,0.2444,0.2889,1.2063,1.4751,-1.4889,0.7407,0.4,0.0222,0.5333,0.9778,0.5556,1.0444,1.1556,0.9423,0.0444,0.0667,0.9286,0.8602,0.2667,1.2222,0.4,0.0889,9.8222,11.6444,0.8473,0.0444,1.7778,2.895,1.7701,8.8,4.0556,0.4
2238082823,c6e3130d243887e2,EURAUD,long,aggressive_liquidation,2026-08-26T11:35:19.933000+00:00,2026-08-26,2026-08-26T11:35:00+00:00,1.62428,1.62314,1.62982,1.62982,0.00114,114.0,True,4h-1787659200--1-1c1192,15m-1787724000-1-5d0cb0,4.8,4.86,True,True,True,14.75,0.295,1.0,False,original_stop_first,2026-08-26T11:40:00+00:00,2026-08-26T22:55:00+00:00,136,-1.0,-0.0097,7.58,23.58,4.0,4.58,4.0,5.0,1.351,1.336,0.5,0.36,0.14,1.0,True,True,True,2,0.0,True,20,2,2,0.921,0.351,False,0,0,,0.1667,0.2632,0.8,0.0439,0.0526,1.25,1.3113,-0.1053,0.231,0.1491,0.1053,0.1053,-0.0351,0.2105,0.2281,0.3684,1.0,0.1404,0.0,0.4719,0.8901,0.8772,0.7719,0.1491,0.0351,4.7281,5.7807,0.8847,0.386,0.6667,3.5147,1.436,2.1842,1.8816,0.1491
2238351221,f8fed4e56e451475,XAUUSD,short,aggressive_liquidation,2026-08-26T12:15:23.239000+00:00,2026-08-26,2026-08-26T12:15:00+00:00,4625.868,4631.138,4528.395,4528.395,5.27,5270.0,True,4h-1787256000-1-c8ecb3,15m-1787732100--1-593b0a,14.92,18.496,True,False,True,4.03,0.0806,1.0,False,original_stop_first,2026-08-26T12:20:00+00:00,2026-08-26T12:25:00+00:00,2,-1.0,-0.1835,124.25,136.25,3.0,2.75,5.0,10.0,2.217,1.81,0.705,-0.02,0.315,1.0,True,True,True,14,8.991,False,10,7,7,0.943,9.166,False,0,0,,0.3387,0.6131,0.8084,0.1569,0.1175,1.0853,1.0971,-1.6903,0.7139,0.0493,0.4825,0.0131,0.4526,0.4956,1.5573,1.73,0.9267,0.0459,0.1268,1.4036,1.1045,0.1355,1.164,0.0493,0.9905,5.4655,7.3973,0.8954,1.1581,0.7738,1.2015,0.8234,12.9066,8.1338,0.0493
2238706622,8cb663778cfae12b,NZDCHF,short,aggressive_liquidation,2026-08-26T12:40:19.814000+00:00,2026-08-26,2026-08-26T12:40:00+00:00,0.47882,0.47922,0.47544,0.47544,0.0004,40.0,True,4h-1787212800-1-fa95e4,15m-1787702400--1-b1ccf4,5.78,8.45,True,False,False,25.09,0.5019,1.0,False,original_stop_first,2026-08-26T12:45:00+00:00,2026-08-27T01:05:00+00:00,149,-1.0,-0.2759,128.67,148.67,5.0,10.67,8.0,10.0,3.825,2.742,0.45,0.5,0.05,1.0,True,True,True,17,0.0,True,77,10,10,0.175,3.9,False,1,1,15.66,0.55,0.65,0.8462,0.0,0.1,2.6,1.4685,-0.2,0.3125,0.35,0.425,0.125,-0.175,0.55,0.525,1.8,0.3194,0.05,1.225,4.0,1.913,1.55,0.8938,0.35,1.7,3.325,3.475,0.9784,0.075,0.075,1.3627,0.787,1.275,2.6313,0.35
2239725524,b97e6a82590cce93,XAUUSD,short,aggressive_liquidation,2026-08-26T13:55:17.400000+00:00,2026-08-26,2026-08-26T13:55:00+00:00,4624.335,4633.666,4528.395,4528.395,9.331,9331.0,True,4h-1787256000-1-c8ecb3,15m-1787746500--1-f70308,8.34,10.282,True,False,True,2.31,0.0461,1.0,False,original_stop_first,2026-08-26T14:00:00+00:00,2026-08-26T14:00:00+00:00,1,-1.0,-0.1723,125.92,137.92,3.0,0.92,3.0,5.0,1.252,1.036,0.599,0.107,0.294,1.0,True,True,True,15,5.124,False,10,6,6,2.256,4.768,False,1,1,1.66,0.1425,0.6799,0.7796,0.3875,0.1498,0.7831,1.0557,-1.5315,0.8864,0.0279,0.5256,0.0045,0.3895,0.5301,0.8539,1.7348,0.7515,0.4498,0.431,2.2011,2.2295,-0.3514,1.1331,0.0279,0.2197,3.0868,4.1779,0.8954,0.6541,0.437,1.2015,0.8234,7.2895,4.5939,0.0279
2240105070,32e0bdfbbb5d8cf8,NZDJPY,long,aggressive_liquidation,2026-08-26T14:35:17.842000+00:00,2026-08-26,2026-08-26T14:35:00+00:00,94.675,94.585,95.059,95.059,0.09,90.0,True,4h-1787673600--1-fe46ad,15m-1787728500-1-4dd425,4.89,4.267,True,True,False,17.4,0.348,1.0,False,original_stop_first,2026-08-26T14:40:00+00:00,2026-08-26T14:55:00+00:00,4,-1.0,0.1152,10.58,22.58,3.0,6.33,4.0,0.0,1.056,1.181,0.411,0.533,0.056,1.0,True,True,True,2,0.0,True,19,2,2,0.867,0.644,False,0,0,,0.2556,0.3778,0.8824,0.0778,0.0444,0.9855,0.992,-1.4333,0.4111,0.1556,0.0444,0.2889,0.0,0.3333,0.5667,0.8,0.9722,0.2111,0.0222,1.2973,1.1301,1.0778,0.6111,0.1556,0.3778,4.8667,5.7667,0.9499,0.6111,0.2889,3.3701,1.3969,-2.7444,1.8139,0.1556
2241264010,6051a0fc6dd6e563,GBPAUD,long,aggressive_liquidation,2026-08-26T16:30:14.698000+00:00,2026-08-26,2026-08-26T16:30:00+00:00,1.89588,1.89472,1.90503,1.90503,0.00116,116.0,True,4h-1787673600--1-3209b6,15m-1787753700-1-012ba1,7.35,7.888,True,True,True,17.01,0.3402,1.0,False,original_stop_first,2026-08-26T16:35:00+00:00,2026-08-26T21:50:00+00:00,63,-1.0,-0.0606,12.5,24.5,3.0,1.25,4.0,5.0,1.233,1.158,0.716,0.147,0.138,1.0,True,True,True,1,0.0,True,19,5,5,0.336,1.655,False,0,0,,0.0517,0.2414,0.3929,0.0431,0.1466,0.8358,0.817,-0.5517,0.3003,0.181,0.0086,0.0862,0.1121,0.0948,0.2241,0.5862,0.7206,0.1983,0.1638,0.6834,0.8867,0.6034,0.9332,0.181,0.1379,5.1724,6.7069,0.8869,0.7759,0.7586,3.8137,1.1506,3.819,2.1746,0.181
2241352320,06f887a64d2bacdc,AUDJPY,short,aggressive_liquidation,2026-08-26T16:40:40.798000+00:00,2026-08-26,2026-08-26T16:40:00+00:00,114.242,114.333,113.932,113.932,0.091,91.0,True,4h-1787630400-1-719b3a,15m-1787754600--1-1a04a3,3.29,3.407,True,False,True,11.77,0.2355,1.0,False,original_stop_first,2026-08-26T16:45:00+00:00,2026-08-26T17:25:00+00:00,9,-1.0,-0.029,16.67,36.67,5.0,1.67,2.0,5.0,1.484,1.445,0.549,0.385,0.066,1.0,True,True,True,3,0.0,True,9,3,3,1.022,0.813,False,0,0,,0.2527,0.2967,0.963,0.033,0.011,1.102,0.9615,-0.2637,0.2601,0.1209,0.1923,0.0934,-0.0549,0.2857,0.8132,0.989,0.9,0.0769,0.0989,1.4286,1.0669,0.8791,0.6731,0.1209,0.1099,0.6044,1.3736,0.576,0.1868,0.5824,0.7987,0.3974,0.8242,1.522,0.1209
2242177972,38da98bef10f6f13,AUDNZD,short,aggressive_liquidation,2026-08-26T19:05:18.017000+00:00,2026-08-27,2026-08-26T19:05:00+00:00,1.20668,1.20731,1.19894,1.19894,0.00063,63.0,True,4h-1787673600-1-0aeaaf,15m-1787761800--1-3c5417,10.46,12.286,True,False,True,24.63,0.4927,1.0,False,original_stop_first,2026-08-26T19:10:00+00:00,2026-08-26T22:05:00+00:00,36,-1.0,-0.1373,15.08,27.08,3.0,1.83,3.0,85.0,1.571,1.355,0.222,0.571,0.206,1.0,True,True,True,1,0.0,True,58,2,2,1.143,1.27,False,0,0,,0.4762,0.5714,0.8333,0.0,0.0952,2.88,1.8727,-0.1746,0.2011,0.2857,0.0317,0.4444,-0.0635,0.4762,0.1905,0.5079,0.375,0.0,0.3175,1.1429,1.0588,0.3492,0.4603,0.2857,0.0317,10.4762,12.7778,0.8919,0.9206,1.381,5.7914,1.7001,-2.2222,2.2103,0.2857
2245798310,20c27628a20b2c1d,AUDCAD,short,aggressive_liquidation,2026-08-27T08:35:22.806000+00:00,2026-08-27,2026-08-27T08:35:00+00:00,0.9971,0.99781,0.99138,0.99138,0.00071,71.0,True,4h-1787659200-1-7ebc50,15m-1787814000--1-f78ae6,6.84,8.056,True,False,False,21.96,0.4392,1.0,False,original_stop_first,2026-08-27T08:40:00+00:00,2026-08-27T12:20:00+00:00,45,-1.0,-0.134,28.58,44.58,4.0,0.58,4.0,5.0,2.324,2.013,0.38,0.549,0.07,1.0,True,True,True,5,0.0,True,14,7,7,0.225,2.831,False,0,0,,0.4225,0.4789,0.9412,0.0282,0.0282,1.0794,0.9134,-0.8873,0.4413,0.2535,0.2113,0.2394,-0.1549,0.4507,0.3803,0.507,0.9167,0.0845,0.0423,0.809,1.0798,0.4366,0.6197,0.2535,0.338,5.6479,6.4366,0.8928,0.0986,0.6901,3.0569,1.1399,1.7324,2.2077,0.2535
2245823456,5a44d55a64a25885,USDCAD,short,aggressive_liquidation,2026-08-27T08:40:27.287000+00:00,2026-08-27,2026-08-27T08:40:00+00:00,1.38825,1.38902,1.38628,1.38628,0.00077,77.0,True,4h-1787731200-1-724f86,15m-1787816700--1-f8ec8d,1.98,2.558,True,False,True,15.24,0.3047,1.0,True,destination_first,2026-08-27T08:45:00+00:00,2026-08-27T13:15:00+00:00,55,2.558,-0.1626,16.67,24.67,2.0,0.42,2.0,15.0,0.714,0.599,0.545,0.0,0.455,1.0,True,True,True,3,0.0,True,15,1,1,1.377,0.818,False,0,0,,0.1169,0.4026,0.8387,0.2208,0.0649,1.1698,1.2284,-0.1169,0.3658,0.1818,0.1364,0.2013,0.2987,0.3377,0.5455,0.7662,0.7119,0.0,0.2208,1.1919,1.1464,0.5584,0.6786,0.1818,0.1688,1.9091,4.7922,0.5691,0.8182,2.0649,2.5361,2.2573,4.1948,2.0649,0.1818
2246723445,1356c23f7435cd4a,AUDUSD,short,aggressive_liquidation,2026-08-27T10:40:12.321000+00:00,2026-08-27,2026-08-27T10:40:00+00:00,0.71765,0.71813,0.71505,0.71505,0.00048,48.0,True,4h-1787630400-1-593b9c,15m-1787822100--1-f7c134,5.52,5.417,True,False,True,19.08,0.3815,1.0,False,original_stop_first,2026-08-27T10:45:00+00:00,2026-08-27T11:20:00+00:00,8,-1.0,0.0087,42.67,54.67,3.0,0.92,2.0,20.0,1.75,1.78,0.333,0.583,0.083,2.0,True,True,True,7,1.312,False,15,3,3,0.792,2.146,False,0,0,,0.375,0.5,0.9167,0.0833,0.0417,1.4545,1.3457,-0.625,0.3299,0.1875,0.3958,0.0625,0.0,0.4583,1.0,1.0417,0.96,0.0,0.0417,1.4706,1.0312,0.9583,0.7604,0.1875,0.6042,1.1875,2.9167,0.6929,0.8333,0.8958,1.4973,1.5592,1.125,2.4219,0.1875
2246909612,4290d53d95505f4c,AUDCAD,short,aggressive_liquidation,2026-08-27T11:05:24.580000+00:00,2026-08-27,2026-08-27T11:05:00+00:00,0.99646,0.99765,0.99138,0.99138,0.00119,119.0,True,4h-1787659200-1-7ebc50,15m-1787818500--1-a42864,3.82,4.269,True,False,True,13.85,0.277,1.0,False,original_stop_first,2026-08-27T11:10:00+00:00,2026-08-27T12:15:00+00:00,14,-1.0,-0.0845,31.08,47.08,4.0,1.83,4.0,5.0,1.387,1.27,0.504,0.395,0.101,1.0,True,True,True,7,0.471,False,9,3,3,1.294,0.815,False,1,1,2.49,0.2521,0.2521,1.0,0.0,0.0,1.4286,1.3168,-0.3697,0.1877,0.1513,0.1387,0.1134,-0.1933,0.2521,0.5126,0.5294,1.0,0.0168,0.0,1.4483,1.1198,-0.1261,0.3676,0.1513,0.3529,3.3697,3.8403,0.8928,0.0588,0.4118,3.0569,1.1399,1.0336,1.3172,0.1513
2246932738,3373591a49aae8fb,EURGBP,short,conservative_mss,2026-08-27T11:10:14.645000+00:00,2026-08-27,2026-08-27T11:10:00+00:00,0.85724,0.85773,0.85546,0.85546,0.00049,49.0,True,4h-1787702400-1-8d13fa,15m-1787824800--1-63e1c2,3.04,3.633,False,False,True,23.18,0.4637,1.0,False,original_stop_first,2026-08-27T11:15:00+00:00,2026-08-27T12:50:00+00:00,20,-1.0,-0.1299,19.17,35.17,4.0,0.17,4.0,5.0,0.612,0.535,0.306,0.49,0.204,1.0,True,True,True,2,0.0,True,67,7,7,0.735,2.959,False,0,0,,0.102,0.2041,0.8,0.0612,0.0408,0.5714,0.8613,0.2449,0.3571,0.2653,,0.0816,-0.3469,0.1633,0.0816,0.4898,0.25,0.0408,0.3673,1.3333,0.8238,0.2041,0.3827,0.2653,0.0408,1.7551,2.8367,0.7194,0.2857,0.7959,3.2706,2.5325,1.9184,1.0102,0.2653
2248923114,00d0b824b0d76b86,GBPJPY,long,aggressive_liquidation,2026-08-27T14:35:15.901000+00:00,2026-08-27,2026-08-27T14:35:00+00:00,216.471,216.345,216.747,216.747,0.126,126.0,True,4h-1787731200--1-c91a91,15m-1787834700-1-09f47a,2.12,2.19,True,True,False,17.1,0.342,1.0,False,original_stop_first,2026-08-27T14:40:00+00:00,2026-08-27T14:55:00+00:00,4,-1.0,-0.0219,22.58,30.58,2.0,1.33,2.0,5.0,0.738,0.723,0.73,0.183,0.087,1.0,True,True,True,2,0.881,False,9,0,0,,0.0,True,0,0,,0.1587,0.373,0.7872,0.1349,0.0794,0.7899,0.9409,-1.3571,0.4788,0.1667,0.1111,0.1825,0.254,0.2937,2.0238,2.3333,0.8878,0.0476,0.2619,3.3034,1.1511,-0.7778,0.6667,0.1667,0.9524,1.3651,2.5079,0.7025,0.3968,0.746,1.3058,1.4558,3.5794,2.5714,0.1667
2249163508,2120e88067992103,GBPNZD,long,aggressive_liquidation,2026-08-27T14:55:26.246000+00:00,2026-08-27,2026-08-27T14:55:00+00:00,2.2834,2.28068,2.2928100000000002,2.2928100000000002,0.00272,272.0,True,4h-1787241600--1-d99482,15m-1787694300-1-28781c,3.84,3.46,True,True,False,9.57,0.1914,1.0,False,original_stop_first,2026-08-27T15:00:00+00:00,2026-08-28T01:30:00+00:00,126,-1.0,0.0861,146.92,166.92,5.0,40.67,2.0,175.0,0.614,0.666,0.478,0.482,0.04,1.0,True,True,True,22,0.327,False,68,6,6,0.246,1.739,False,3,3,48.33,0.2059,0.2757,0.9333,0.0515,0.0184,1.0949,1.2067,-0.2206,0.2598,0.0882,0.2151,0.0423,-0.0846,0.2574,0.8529,0.8603,0.9915,0.0,0.0074,3.2727,1.4432,-0.8566,0.329,0.2132,0.0037,1.2096,1.5882,0.956,0.3088,0.0699,1.9548,1.3889,2.5919,1.2289,0.0882
2250339909,4644d275cf34f1c8,EURCHF,long,aggressive_liquidation,2026-08-27T17:50:12.950000+00:00,2026-08-27,2026-08-27T17:50:00+00:00,0.93679,0.93618,0.93868,0.93868,0.00061,61.0,True,4h-1787803200--1-1f64a4,15m-1787847300-1-e7e10d,3.64,3.098,True,True,True,29.7,0.5941,1.0,False,original_stop_first,2026-08-27T17:55:00+00:00,2026-08-27T21:55:00+00:00,49,-1.0,0.1358,5.83,13.83,2.0,0.58,4.0,30.0,0.967,1.095,0.344,0.475,0.18,1.0,True,True,True,1,0.0,True,13,4,4,0.918,0.902,False,0,0,,0.1475,0.2295,0.7143,0.0164,0.0656,1.4737,1.4038,-0.2131,0.2049,0.2623,0.1475,0.0164,-0.0492,0.1639,0.1967,0.3279,0.85,0.082,0.0492,0.8,0.8672,0.3607,0.4221,0.2623,0.1639,3.1475,3.6066,0.9045,0.1148,0.3443,3.3588,1.8818,-1.5574,1.1475,0.2623
2251184276,0f8f7fd709cb928f,EURCAD,long,conservative_mss,2026-08-27T20:55:15.270000+00:00,2026-08-28,2026-08-27T20:55:00+00:00,1.6145,1.61326,1.61696,1.61696,0.00124,124.0,True,4h-1787788800--1-3b40e0,15m-1787859900-1-59d0a2,1.98,1.984,False,True,True,12.08,0.2417,1.0,False,original_stop_first,2026-08-27T21:00:00+00:00,2026-08-28T02:30:00+00:00,67,-1.0,-0.0006,8.92,20.92,3.0,0.17,4.0,5.0,0.798,0.797,0.476,0.315,0.21,1.0,True,True,True,1,0.0,True,19,4,4,0.508,0.581,False,0,0,,0.1694,0.2016,0.88,0.0081,0.0242,1.6129,1.1899,0.1613,0.121,0.121,,0.2016,-0.0484,0.1774,0.2984,0.3065,0.9737,0.0,0.0081,0.9157,0.663,0.0081,0.3347,0.121,0.0081,2.5968,3.0161,0.9011,0.121,0.2984,4.0,1.8195,-1.0,0.7823,0.121
2251314096,8971dfa6d2e42023,GBPCAD,long,aggressive_liquidation,2026-08-27T22:10:17.578000+00:00,2026-08-28,2026-08-27T22:10:00+00:00,1.88326,1.88194,1.88625,1.88625,0.00132,132.0,True,4h-1787760000--1-b09604,15m-1787859900-1-5f8c2f,2.43,2.265,True,True,True,22.25,0.4451,1.0,False,original_stop_first,2026-08-27T22:15:00+00:00,2026-08-28T05:30:00+00:00,88,-1.0,0.0523,10.17,30.17,5.0,1.42,4.0,20.0,0.159,0.167,0.386,0.515,0.098,1.0,True,True,True,2,0.0,True,24,2,2,0.023,0.295,False,0,0,,0.0682,0.0833,1.0,0.0152,0.0,1.0,0.2679,0.1439,0.1338,0.1364,0.0417,0.0417,-0.3106,0.0833,0.2576,0.3561,0.7234,0.0,0.0985,1.0805,0.4784,0.1742,0.3542,0.1364,0.0985,2.1364,3.0606,0.8317,0.4091,0.5152,3.1686,1.6993,0.1591,1.0473,0.1364
2255575169,a92fcf98b9157e34,EURUSD,long,aggressive_liquidation,2026-08-28T12:45:16.205000+00:00,2026-08-28,2026-08-28T12:45:00+00:00,1.16417,1.16382,1.16644,1.16644,0.00035,35.0,True,4h-1787716800--1-b1e4e5,15m-1787910300-1-ce7094,6.15,6.486,True,True,False,21.83,0.4367,1.0,False,original_stop_first,2026-08-28T12:50:00+00:00,2026-08-28T13:55:00+00:00,14,-1.0,-0.0497,44.75,56.75,3.0,1.75,5.0,10.0,2.343,2.238,0.543,0.114,0.343,1.0,True,True,True,9,0.0,True,24,3,3,1.514,1.429,False,0,0,,0.4286,0.7143,0.84,0.1714,0.1143,1.3889,1.2288,-1.0857,0.4952,0.2286,0.1429,0.4571,0.7143,0.6,0.7429,1.2,0.9524,0.4,0.0571,1.2727,0.8189,1.3429,0.9643,0.2286,0.0286,5.3429,9.5429,0.7515,1.8286,2.3714,2.6508,2.421,2.1143,3.5643,0.2286
2255677378,76e590ef396fb9af,GBPUSD,long,aggressive_liquidation,2026-08-28T12:55:24.200000+00:00,2026-08-28,2026-08-28T12:55:00+00:00,1.35846,1.35724,1.3639299999999999,1.3639299999999999,0.00122,122.0,True,4h-1787673600--1-a2c3ef,15m-1787834700-1-49c8cb,6.72,4.484,True,True,False,11.55,0.231,1.0,False,original_stop_first,2026-08-28T13:00:00+00:00,2026-08-28T13:55:00+00:00,12,-1.0,0.4067,44.92,68.92,6.0,23.67,2.0,20.0,1.189,1.675,0.426,0.516,0.057,1.0,True,True,True,5,0.0,True,32,6,6,0.516,1.123,False,0,0,,0.0164,0.1803,0.9545,0.1557,0.0082,0.55,1.2703,-0.2623,0.3033,0.082,0.168,0.0041,0.0082,0.1721,1.041,1.4262,0.8103,0.1148,0.2705,3.0261,1.2119,-0.2705,0.4713,0.082,0.3033,2.8934,4.3197,0.7951,0.541,0.8852,3.6982,2.0105,1.9426,1.2336,0.082
2255946610,06f72595826c67ae,USDJPY,short,aggressive_liquidation,2026-08-28T13:20:27.098000+00:00,2026-08-28,2026-08-28T13:20:00+00:00,159.632,159.684,159.408,159.408,0.052,52.0,True,4h-1787860800-1-345f73,15m-1787918400--1-22f2fa,3.5,4.308,True,False,True,16.27,0.3254,1.0,False,original_stop_first,2026-08-28T13:25:00+00:00,2026-08-28T13:55:00+00:00,7,-1.0,-0.1461,1.33,17.33,4.0,0.83,2.0,0.0,1.981,1.676,0.538,0.288,0.173,1.0,True,True,True,1,0.0,True,18,4,4,1.231,3.0,False,0,0,,0.0769,0.3462,0.9444,0.25,0.0192,0.5143,0.7287,-0.5,0.6795,0.1923,0.1923,0.1346,0.0385,0.3269,1.0,1.2115,0.8571,0.0385,0.1731,2.0323,1.4412,-0.0,0.6346,0.1923,0.5769,2.9038,3.7308,0.7784,0.0,0.8269,1.205,1.0636,4.5577,3.1346,0.1923
2255947389,3c15ae09199c2951,EURCAD,long,aggressive_liquidation,2026-08-28T13:20:32.647000+00:00,2026-08-28,2026-08-28T13:20:00+00:00,1.61309,1.6124100000000001,1.61696,1.61696,0.00068,68.0,True,4h-1787788800--1-3b40e0,15m-1787920200-1-54d14d,5.26,5.691,True,True,True,20.65,0.4131,1.0,False,original_stop_first,2026-08-28T13:25:00+00:00,2026-08-28T13:25:00+00:00,1,-1.0,-0.0697,25.33,37.33,3.0,0.33,2.0,5.0,1.456,1.363,0.221,0.515,0.265,1.0,True,True,True,3,0.0,True,39,9,9,1.074,3.897,False,1,1,16.41,0.3529,0.6029,0.7073,0.0735,0.1765,0.9011,0.7649,0.0588,0.7059,0.2206,0.3015,0.125,0.1324,0.4265,1.5147,1.9265,0.8779,0.1765,0.2353,2.4037,1.443,-0.4118,0.8346,0.2206,0.6471,4.7353,5.5,0.9011,0.2206,0.5441,4.0,1.8195,-1.8235,1.4265,0.2206
2256276717,331c4c17a5b9b990,EURUSD,long,aggressive_liquidation,2026-08-28T13:55:19.874000+00:00,2026-08-28,2026-08-28T13:55:00+00:00,1.1643,1.16382,1.16644,1.16644,0.00048,48.0,True,4h-1787716800--1-b1e4e5,15m-1787920200-1-d3145f,4.74,4.458,True,True,True,17.53,0.3506,1.0,False,original_stop_first,2026-08-28T14:00:00+00:00,2026-08-28T14:00:00+00:00,1,-1.0,0.0477,45.92,57.92,3.0,0.92,2.0,25.0,1.708,1.797,0.708,0.167,0.125,1.0,True,True,True,10,0.187,False,23,3,3,0.833,1.042,False,1,1,1.16,0.2292,0.5417,1.0,0.3125,0.0,1.1304,1.2183,-0.7708,0.4514,0.1667,0.375,0.1667,0.5417,0.5417,1.5833,1.9167,0.837,0.0208,0.3125,2.7059,1.5969,-1.3125,0.6875,0.1667,0.1042,3.8958,6.9583,0.7515,1.3333,1.7292,2.6508,2.421,1.5417,2.599,0.1667
2257697196,85e14dbb91fde217,GBPAUD,long,aggressive_liquidation,2026-08-28T14:40:16.177000+00:00,2026-08-28,2026-08-28T14:40:00+00:00,1.88722,1.8858899999999998,1.89173,1.89173,0.00133,133.0,True,4h-1787803200--1-f90eed,15m-1787923800-1-077328,2.8,3.391,True,True,True,13.65,0.273,1.0,True,destination_first,2026-08-28T14:45:00+00:00,2026-08-28T15:55:00+00:00,15,3.391,-0.1328,26.67,34.67,2.0,0.42,3.0,0.0,0.654,0.565,0.331,0.451,0.218,1.0,True,True,True,6,0.0,True,8,1,1,2.737,0.368,False,1,1,16.58,0.1128,0.594,0.8228,0.3759,0.1053,0.8541,0.8331,-0.1353,0.9223,0.1579,0.3308,0.1579,0.0602,0.4887,1.4962,2.2632,0.9336,0.6165,0.1504,3.3077,3.6069,0.6842,0.6692,0.1579,0.5038,2.1128,2.218,1.0,0.1053,0.0,1.2688,1.3219,3.1579,1.7444,0.1579
2258166836,23fb19715514005a,AUDJPY,short,aggressive_liquidation,2026-08-28T15:10:21.461000+00:00,2026-08-28,2026-08-28T15:10:00+00:00,114.763,114.957,114.445,114.445,0.194,194.0,True,4h-1787803200-1-b46d37,15m-1787923800--1-2cde09,1.61,1.639,True,False,True,5.61,0.1123,1.0,,unresolved,2026-08-28T15:15:00+00:00,,69,,-0.0089,27.17,35.17,2.0,0.92,3.0,10.0,0.32,0.316,0.17,0.644,0.186,1.0,True,True,True,4,0.0,True,8,4,4,0.649,0.639,False,1,1,14.58,0.2887,0.3247,0.9683,0.0258,0.0103,0.9403,0.8575,-0.3608,0.3557,0.0567,0.3041,0.0103,-0.299,0.3144,0.6959,1.4948,0.6862,0.3299,0.4691,4.7934,5.3197,0.4124,0.3106,0.0567,0.5464,0.7784,1.0361,0.995,0.2526,0.0052,1.1198,1.2757,1.0155,1.0374,0.0567
2259685820,6f0fefbc5da7e24d,EURAUD,long,aggressive_liquidation,2026-08-28T16:35:25.993000+00:00,2026-08-28,2026-08-28T16:35:00+00:00,1.61828,1.61701,1.62249,1.62249,0.00127,127.0,True,4h-1787803200--1-0d51f1,15m-1787930100-1-b60538,2.95,3.315,True,True,True,12.26,0.2452,1.0,False,original_stop_first,2026-08-28T16:40:00+00:00,2026-08-28T20:55:00+00:00,52,-1.0,-0.0872,28.58,36.58,2.0,0.58,3.0,20.0,0.394,0.361,0.63,0.15,0.22,1.0,True,True,True,6,0.701,False,9,6,6,0.307,2.205,False,1,1,19.25,0.0236,0.3465,0.9318,0.2992,0.0236,0.8073,1.0088,-0.3858,0.4252,0.1339,0.0787,0.2441,0.1654,0.3228,0.4252,0.8346,0.8868,0.315,0.0945,1.2848,0.8199,0.748,0.7756,0.1339,0.0157,2.5276,2.5512,0.9907,0.0,0.0236,1.8892,1.466,1.7874,1.378,0.1339
2260128445,723679b787571098,GBPCAD,long,aggressive_liquidation,2026-08-28T17:15:15.557000+00:00,2026-08-28,2026-08-28T17:15:00+00:00,1.8817,1.87955,1.88625,1.88625,0.00215,215.0,True,4h-1787760000--1-b09604,15m-1787926500-1-9ad13d,2.11,2.116,True,True,True,8.34,0.1668,1.0,,unresolved,2026-08-28T17:20:00+00:00,,44,,-0.0019,29.25,49.25,5.0,2.25,3.0,40.0,0.098,0.097,0.958,-0.088,0.13,1.0,True,True,True,7,0.116,False,41,1,1,1.34,0.116,False,1,1,19.08,0.2698,0.2744,1.0,0.0047,0.0,1.5128,0.9077,-0.3721,0.1721,0.0837,0.0395,0.2349,0.4047,0.2744,1.3721,1.7349,0.8284,0.0651,0.2977,2.2006,1.2297,-0.1256,0.8047,0.0837,0.5721,1.3116,1.8791,0.8317,0.2512,0.3163,3.1686,1.6993,0.0977,0.643,0.0837
2260636635,532d914bf6a79d0a,AUDCAD,short,aggressive_liquidation,2026-08-28T18:20:34.048000+00:00,2026-08-28,2026-08-28T18:20:00+00:00,0.99519,0.99584,0.99138,0.99138,0.00065,65.0,True,4h-1787659200-1-7ebc50,15m-1787932800--1-0a6533,5.2,5.862,True,False,True,25.02,0.5003,1.0,False,original_stop_first,2026-08-28T18:25:00+00:00,2026-08-28T19:30:00+00:00,14,-1.0,-0.0969,62.33,78.33,4.0,1.83,2.0,105.0,2.538,2.293,0.462,0.462,0.077,1.0,True,True,True,13,3.077,False,5,3,3,0.415,1.492,False,5,5,3.25,0.2462,0.4,0.8846,0.1077,0.0462,2.3636,0.9858,-0.1385,0.2205,0.2769,0.0462,0.3077,-0.0923,0.3538,0.4,0.8923,0.5517,0.0923,0.4,0.9431,1.0522,1.2308,0.9192,0.2769,0.1538,6.1692,7.0308,0.8928,0.1077,0.7538,3.0569,1.1399,1.8923,2.4115,0.2769
2261342606,c2fc08c31542c706,EURCAD,long,aggressive_liquidation,2026-08-28T20:35:24.043000+00:00,2026-08-29,2026-08-28T20:35:00+00:00,1.61066,1.61014,1.61696,1.61696,0.00052,52.0,True,4h-1787788800--1-3b40e0,15m-1787942700-1-bf35ce,10.54,12.115,True,True,True,25.38,0.5076,1.0,False,original_stop_first,2026-08-28T20:40:00+00:00,2026-08-28T20:55:00+00:00,4,-1.0,-0.1193,32.58,44.58,3.0,0.58,5.0,10.0,1.904,1.675,0.365,0.404,0.231,1.0,True,True,True,4,0.0,True,61,12,12,0.019,9.596,False,2,2,7.24,0.3269,0.6923,0.7222,0.1731,0.1923,1.3585,0.8032,-0.4615,0.4808,0.2885,0.1058,0.3942,0.3077,0.5,0.3077,1.0,0.7885,0.4808,0.2115,2.0,1.2457,0.0769,0.5481,0.2885,0.0577,6.1923,7.1923,0.9011,0.2885,0.7115,4.0,1.8195,-2.3846,1.8654,0.2885
